2015.06.04,1731.75000,1741.75000,1731.25000,1741.25000,559
2015.06.05,1741.00000,1745.75000,1721.50000,1741.50000,1782
2015.06.08,1745.00000,1747.00000,1735.25000,1739.00000,400
2015.06.10,1760.00000,1762.50000,1750.75000,1754.25000,282
2015.06.11,1757.25000,1759.25000,1726.25000,1741.50000,2122
2015.06.12,1743.75000,1745.75000,1728.75000,1732.50000,1800
2015.06.15,1733.50000,1735.25000,1688.00000,1709.75000,2127
2015.06.16,1710.50000,1717.75000,1692.50000,1700.25000,1932
2015.06.17,1698.75000,1714.75000,1694.75000,1699.00000,1707
2015.06.18,1700.75000,1722.00000,1694.25000,1699.25000,1816
2015.06.19,1700.25000,1704.75000,1682.50000,1691.75000,1761
2015.06.22,1691.50000,1703.00000,1685.50000,1701.50000,1336
2015.06.23,1702.00000,1731.50000,1700.50000,1720.25000,1860
2015.06.24,1719.50000,1731.25000,1702.00000,1708.25000,1943
2015.06.25,1712.00000,1724.75000,1701.00000,1715.75000,1907
2015.06.26,1716.25000,1720.50000,1698.75000,1702.00000,1238
2015.06.29,1698.25000,1700.25000,1672.25000,1694.00000,1878
2015.06.30,1695.50000,1696.75000,1675.75000,1686.25000,2183
2015.07.01,1689.50000,1731.25000,1676.25000,1723.00000,2270
2015.07.02,1721.50000,1739.25000,1717.00000,1718.00000,1806
2015.07.03,1715.50000,1725.00000,1700.75000,1704.75000,1412
2015.07.06,1688.25000,1697.25000,1677.75000,1690.00000,2613
2015.07.07,1691.00000,1696.75000,1639.25000,1666.00000,2901
2015.07.08,1667.00000,1673.75000,1625.75000,1666.25000,3070
2015.07.09,1668.75000,1696.25000,1661.25000,1692.50000,2582
2015.07.10,1689.50000,1697.75000,1680.50000,1690.25000,1735
2015.07.13,1688.50000,1707.50000,1680.50000,1703.50000,2374
2015.07.14,1702.50000,1703.50000,1686.75000,1700.25000,1729
2015.07.15,1701.25000,1724.25000,1697.25000,1708.50000,2100
2015.07.16,1709.00000,1722.25000,1701.50000,1707.25000,1888
2015.07.17,1710.75000,1712.00000,1691.00000,1695.25000,1394
2015.07.20,1696.25000,1696.50000,1675.75000,1682.00000,1536
2015.07.21,1683.00000,1685.50000,1656.50000,1658.25000,1659
2015.07.22,1658.50000,1667.00000,1646.25000,1653.00000,1992
2015.07.23,1652.75000,1663.25000,1633.00000,1634.50000,1992
2015.07.24,1633.75000,1644.75000,1627.75000,1636.50000,2008
2015.07.27,1638.50000,1647.50000,1628.25000,1637.50000,1687
2015.07.28,1639.00000,1660.50000,1638.50000,1655.25000,1596
2015.07.29,1660.75000,1663.25000,1650.75000,1658.25000,1591
2015.07.30,1654.50000,1660.50000,1632.00000,1635.25000,1764
2015.07.31,1637.75000,1638.00000,1609.75000,1615.50000,1909
2015.08.03,1611.50000,1618.25000,1597.75000,1606.00000,2346
2015.08.04,1608.00000,1621.25000,1600.25000,1613.50000,1712
2015.08.05,1611.50000,1612.75000,1587.25000,1591.50000,1365
2015.08.06,1594.25000,1597.25000,1571.50000,1586.75000,1440
2015.08.07,1585.25000,1598.25000,1578.25000,1580.50000,1498
2015.08.10,1580.75000,1618.75000,1578.50000,1609.75000,1848
2015.08.11,1605.50000,1609.50000,1569.25000,1580.50000,2596
2015.08.12,1581.25000,1592.75000,1548.75000,1581.00000,2274
2015.08.13,1582.50000,1587.75000,1563.75000,1566.75000,1674
2015.08.14,1567.75000,1579.25000,1563.25000,1570.50000,1344
2015.08.17,1571.00000,1577.25000,1550.25000,1559.25000,1417
2015.08.18,1561.00000,1568.25000,1544.50000,1545.50000,1973
2015.08.19,1547.75000,1560.75000,1544.75000,1550.25000,1760
2015.08.20,1550.50000,1579.25000,1549.50000,1562.00000,1772
2015.08.21,1568.75000,1576.50000,1536.50000,1540.75000,2005
2015.08.24,1539.25000,1544.50000,1501.25000,1525.00000,3162
2015.08.25,1522.50000,1558.00000,1520.75000,1555.00000,2922
2015.08.26,1552.75000,1552.75000,1520.50000,1530.75000,2291
2015.08.27,1533.00000,1565.25000,1529.00000,1552.25000,2708
2015.08.28,1555.75000,1611.00000,1555.50000,1597.00000,2917
2015.09.01,1597.50000,1608.75000,1562.75000,1594.50000,2812
2015.09.02,1589.00000,1604.25000,1578.00000,1592.75000,2081
2015.09.03,1596.50000,1635.50000,1590.50000,1624.25000,2289
2015.09.04,1623.75000,1631.00000,1600.50000,1605.75000,2130
2015.09.07,1608.25000,1621.50000,1590.25000,1592.75000,1717
2015.09.08,1599.00000,1630.25000,1588.00000,1626.75000,2003
2015.09.09,1627.50000,1650.50000,1623.00000,1623.75000,2551
2015.09.10,1621.25000,1633.75000,1617.75000,1632.25000,1992
2015.09.11,1631.75000,1638.25000,1625.75000,1636.75000,1675
2015.09.14,1635.50000,1638.25000,1610.00000,1610.75000,2055
2015.09.15,1617.75000,1618.50000,1585.50000,1612.75000,2351
2015.09.16,1612.50000,1624.50000,1602.50000,1618.50000,1637
2015.09.17,1624.00000,1630.50000,1607.75000,1626.25000,1854
2015.09.18,1627.00000,1641.50000,1611.50000,1620.50000,1774
2015.09.21,1618.75000,1626.50000,1603.50000,1608.00000,2237
2015.09.22,1609.25000,1609.75000,1579.50000,1582.75000,2101
2015.09.23,1580.75000,1590.25000,1568.50000,1569.50000,1905
2015.09.24,1571.50000,1582.25000,1565.75000,1577.75000,2088
2015.09.25,1575.75000,1582.25000,1560.25000,1562.25000,1935
2015.09.28,1563.25000,1572.50000,1536.75000,1551.00000,2153
2015.09.29,1547.75000,1563.25000,1537.25000,1559.50000,2059
2015.09.30,1563.00000,1576.50000,1560.50000,1569.00000,2343
2015.10.01,1569.25000,1592.75000,1554.75000,1558.00000,2082
2015.10.02,1562.50000,1564.75000,1540.25000,1557.50000,1764
2015.10.05,1564.25000,1570.50000,1547.00000,1557.75000,1962
2015.10.06,1561.25000,1568.75000,1542.75000,1553.25000,2052
2015.10.07,1552.50000,1586.75000,1550.50000,1570.50000,2113
2015.10.08,1572.50000,1573.75000,1549.75000,1557.00000,2180
2015.10.09,1567.25000,1640.75000,1566.00000,1604.75000,4500
2015.10.12,1609.25000,1626.75000,1589.00000,1589.75000,2468
2015.10.13,1591.25000,1593.00000,1567.75000,1586.25000,2642
2015.10.14,1586.75000,1590.75000,1576.50000,1589.00000,1942
2015.10.15,1587.50000,1595.25000,1559.50000,1570.50000,2362
2015.10.16,1574.50000,1574.75000,1556.25000,1568.25000,2116
2015.10.19,1563.00000,1565.25000,1537.25000,1542.75000,1911
2015.10.20,1542.50000,1546.00000,1527.50000,1537.25000,2397
2015.10.21,1537.50000,1538.50000,1508.00000,1509.25000,2254
2015.10.22,1513.50000,1521.75000,1483.25000,1485.50000,2552
2015.10.23,1486.25000,1534.25000,1474.25000,1492.75000,3623
2015.10.26,1493.00000,1510.50000,1472.25000,1473.00000,2325
2015.10.27,1477.00000,1488.50000,1471.00000,1474.50000,2040
2015.10.28,1475.25000,1487.75000,1455.25000,1480.00000,2228
2015.10.29,1475.00000,1481.25000,1457.25000,1467.50000,2618
2015.10.30,1468.25000,1476.75000,1462.50000,1475.00000,2038
2015.11.02,1472.00000,1492.75000,1469.25000,1484.75000,2051
2015.11.03,1489.00000,1511.50000,1481.25000,1502.00000,2597
2015.11.04,1501.00000,1512.25000,1492.00000,1492.50000,2486
2015.11.05,1497.25000,1502.75000,1480.75000,1500.00000,2516
2015.11.06,1500.75000,1526.50000,1492.75000,1521.00000,3205
2015.11.09,1517.50000,1524.50000,1502.25000,1504.00000,2415
2015.11.10,1501.25000,1502.75000,1477.00000,1502.00000,3027
2015.11.11,1490.25000,1518.00000,1479.25000,1510.00000,2426
2015.11.12,1501.50000,1522.75000,1482.50000,1487.50000,2944
2015.11.13,1489.50000,1497.75000,1481.75000,1486.50000,2361
2015.11.16,1483.00000,1489.00000,1460.75000,1463.75000,2522
2015.11.17,1469.00000,1478.50000,1451.75000,1468.75000,2811
2015.11.18,1464.00000,1478.00000,1453.75000,1465.50000,2390
2015.11.19,1467.50000,1471.00000,1448.75000,1464.25000,3081
2015.11.20,1467.50000,1495.75000,1430.50000,1444.75000,3982
2015.11.23,1436.75000,1447.00000,1427.25000,1429.75000,3140
2015.11.24,1432.50000,1453.50000,1430.75000,1443.50000,3305
2015.11.25,1449.00000,1468.50000,1432.75000,1452.50000,2758
2015.11.26,1465.75000,1509.75000,1465.50000,1507.25000,4332
2015.11.27,1514.50000,1522.00000,1444.50000,1447.25000,3918
2015.11.30,1462.50000,1463.50000,1440.25000,1442.50000,3675
2015.12.01,1443.00000,1472.75000,1433.75000,1470.25000,3123
2015.12.02,1471.25000,1487.25000,1458.50000,1471.75000,2840
2015.12.03,1474.50000,1479.75000,1455.50000,1479.50000,2689
2015.12.04,1475.50000,1518.00000,1468.75000,1512.75000,3401
2015.12.07,1506.75000,1514.00000,1478.75000,1479.50000,2762
2015.12.08,1481.25000,1489.75000,1457.25000,1468.75000,2411
2015.12.09,1471.75000,1498.25000,1471.75000,1482.50000,2596
2015.12.10,1486.25000,1490.50000,1469.25000,1482.75000,2400
2015.12.11,1483.75000,1505.75000,1475.50000,1476.75000,2938
2015.12.14,1481.50000,1489.75000,1470.25000,1484.50000,1923
2015.12.15,1484.00000,1485.50000,1464.75000,1471.50000,2209
2015.12.16,1471.00000,1493.25000,1462.25000,1486.50000,2166
2015.12.17,1487.75000,1491.00000,1462.50000,1470.75000,1801
2015.12.18,1469.50000,1502.00000,1469.50000,1497.00000,2470
2015.12.21,1499.50000,1518.75000,1496.00000,1513.25000,1933
2015.12.22,1510.75000,1514.75000,1498.25000,1503.00000,1922
2015.12.23,1504.75000,1538.50000,1502.25000,1536.25000,1972
2015.12.24,1536.50000,1558.75000,1527.75000,1534.75000,1481
2015.12.29,1504.25000,1544.50000,1492.50000,1521.25000,2870
2015.12.30,1524.00000,1530.50000,1505.50000,1527.50000,2389
2015.12.31,1523.50000,1530.00000,1498.25000,1501.25000,1508
2016.01.04,1509.75000,1509.75000,1459.25000,1468.50000,3212
2016.01.05,1469.25000,1493.25000,1457.75000,1464.50000,2226
2016.01.06,1463.50000,1473.75000,1451.75000,1473.25000,1998
2016.01.07,1468.25000,1478.75000,1446.50000,1463.50000,2997
2016.01.08,1466.00000,1491.00000,1459.50000,1486.50000,2846
2016.01.11,1480.75000,1487.00000,1452.00000,1458.75000,2337
2016.01.12,1460.75000,1465.50000,1444.75000,1446.50000,2360
2016.01.13,1448.25000,1460.75000,1446.25000,1454.00000,2032
2016.01.14,1451.50000,1480.00000,1450.25000,1476.00000,2720
2016.01.15,1479.25000,1479.50000,1460.75000,1466.75000,2127
2016.01.18,1466.50000,1488.75000,1460.25000,1478.00000,2165
2016.01.19,1478.25000,1504.00000,1474.25000,1476.00000,2686
2016.01.20,1477.25000,1478.25000,1459.25000,1462.75000,1834
2016.01.21,1470.75000,1476.75000,1453.50000,1476.25000,2127
2016.01.22,1474.50000,1496.25000,1470.75000,1479.00000,2230
2016.01.25,1479.50000,1482.00000,1468.50000,1474.00000,1591
2016.01.26,1474.75000,1490.00000,1464.25000,1487.00000,1752
2016.01.27,1486.00000,1522.75000,1486.00000,1522.75000,2208
2016.01.28,1515.25000,1523.75000,1503.75000,1508.50000,2137
2016.01.29,1507.75000,1532.50000,1506.25000,1512.50000,1804
2016.02.01,1507.75000,1519.50000,1498.25000,1518.75000,1885
2016.02.02,1514.00000,1526.25000,1496.50000,1497.25000,2127
2016.02.03,1494.75000,1520.50000,1493.75000,1516.50000,1634
2016.02.04,1517.25000,1539.50000,1517.25000,1531.00000,1685
2016.02.05,1527.75000,1532.75000,1493.25000,1494.75000,2186
2016.02.08,1498.50000,1509.50000,1488.25000,1497.75000,2134
2016.02.09,1499.50000,1515.50000,1475.50000,1478.25000,2145
2016.02.10,1480.50000,1493.75000,1471.25000,1479.75000,1874
2016.02.11,1485.75000,1495.75000,1477.25000,1478.00000,2118
2016.02.12,1481.25000,1499.00000,1481.25000,1493.25000,1615
2016.02.15,1506.50000,1519.75000,1500.75000,1501.75000,2114
2016.02.16,1508.25000,1532.75000,1508.25000,1521.25000,2636
2016.02.17,1524.25000,1527.75000,1505.25000,1521.00000,1927
2016.02.18,1518.50000,1523.25000,1506.75000,1514.75000,1900
2016.02.19,1517.50000,1547.25000,1516.50000,1543.00000,1934
2016.02.22,1543.75000,1575.50000,1541.50000,1568.50000,1978
2016.02.23,1566.50000,1576.75000,1538.00000,1541.00000,2385
2016.02.24,1547.00000,1569.75000,1533.75000,1563.50000,2300
2016.02.25,1565.25000,1573.75000,1548.50000,1551.00000,1927
2016.02.26,1553.25000,1577.00000,1551.25000,1552.25000,2538
2016.02.29,1557.50000,1583.50000,1556.25000,1570.00000,2353
2016.03.01,1565.75000,1581.75000,1552.25000,1572.25000,2103
2016.03.02,1576.50000,1588.50000,1571.25000,1585.50000,2077
2016.03.03,1583.25000,1590.25000,1567.50000,1570.25000,1896
2016.03.04,1575.50000,1591.75000,1561.50000,1579.50000,2592
2016.03.07,1584.50000,1599.75000,1567.75000,1594.25000,2459
2016.03.08,1590.75000,1592.75000,1551.25000,1559.50000,2779
2016.03.09,1563.50000,1575.75000,1554.25000,1573.50000,2916
2016.03.10,1572.50000,1574.75000,1543.50000,1554.25000,2963
2016.03.11,1559.25000,1567.50000,1550.50000,1558.50000,2404
2016.03.14,1557.25000,1567.50000,1531.25000,1534.75000,2140
2016.03.15,1536.25000,1541.00000,1511.25000,1511.25000,2059
2016.03.16,1517.25000,1519.75000,1503.25000,1508.25000,1763
2016.03.17,1517.00000,1538.25000,1509.00000,1528.75000,3005
2016.03.18,1525.00000,1537.25000,1503.75000,1513.50000,2597
2016.03.21,1512.00000,1524.50000,1506.75000,1507.75000,2537
2016.03.22,1509.00000,1513.50000,1489.25000,1496.25000,1961
2016.03.23,1498.50000,1501.25000,1472.50000,1475.75000,1790
2016.03.24,1476.00000,1487.50000,1470.75000,1474.25000,2025
2016.03.29,1482.50000,1498.75000,1474.25000,1491.50000,2182
2016.03.30,1491.75000,1503.75000,1480.75000,1492.50000,1936
2016.03.31,1493.25000,1516.50000,1486.75000,1511.50000,2023
2016.04.01,1512.75000,1542.25000,1508.50000,1533.50000,2293
2016.04.04,1534.00000,1542.50000,1523.75000,1530.00000,1638
2016.04.05,1531.25000,1537.50000,1515.00000,1516.25000,1554
2016.04.06,1519.00000,1522.50000,1490.75000,1508.25000,1798
2016.04.07,1509.75000,1518.50000,1491.50000,1498.25000,2256
2016.04.08,1494.50000,1522.75000,1491.50000,1520.00000,1946
2016.04.11,1514.25000,1521.25000,1500.25000,1501.75000,1658
2016.04.12,1498.00000,1533.25000,1496.50000,1527.75000,2633
2016.04.13,1531.50000,1563.75000,1525.50000,1552.25000,3011
2016.04.14,1551.00000,1565.25000,1539.25000,1550.75000,2358
2016.04.15,1551.50000,1554.75000,1537.75000,1550.25000,1821
2016.04.18,1541.50000,1564.25000,1537.00000,1557.50000,2213
2016.04.19,1560.50000,1582.75000,1557.75000,1582.75000,2578
2016.04.20,1579.00000,1620.25000,1574.50000,1618.00000,2532
2016.04.21,1619.50000,1641.25000,1607.50000,1632.00000,4261
2016.04.22,1631.50000,1662.25000,1623.25000,1643.75000,2840
2016.04.25,1644.75000,1653.75000,1626.75000,1650.75000,2920
2016.04.26,1646.25000,1650.75000,1628.50000,1637.50000,2474
2016.04.27,1638.75000,1647.00000,1620.25000,1641.50000,3120
2016.04.28,1641.75000,1662.50000,1627.25000,1658.25000,2315
2016.04.29,1658.50000,1681.25000,1652.50000,1673.75000,2365
2016.05.03,1666.75000,1679.25000,1619.50000,1633.50000,3683
2016.05.04,1630.00000,1643.75000,1619.25000,1628.50000,2953
2016.05.05,1629.00000,1631.75000,1599.75000,1603.75000,3009
2016.05.06,1600.50000,1611.75000,1587.75000,1592.25000,2767
2016.05.09,1590.75000,1591.50000,1553.00000,1554.75000,2967
2016.05.10,1556.50000,1562.25000,1546.75000,1552.50000,2030
2016.05.11,1556.00000,1573.25000,1555.50000,1558.25000,2450
2016.05.12,1561.75000,1576.75000,1533.50000,1542.50000,2982
2016.05.13,1543.75000,1547.00000,1526.50000,1532.75000,2597
2016.05.16,1533.00000,1551.75000,1531.25000,1546.25000,2683
2016.05.17,1545.50000,1558.75000,1536.25000,1540.25000,2380
2016.05.18,1542.25000,1552.75000,1529.00000,1549.00000,1978
2016.05.19,1539.50000,1547.75000,1533.50000,1543.50000,2596
2016.05.20,1542.75000,1572.25000,1538.75000,1543.00000,2323
2016.05.23,1542.00000,1556.00000,1527.25000,1546.75000,1958
2016.05.24,1545.00000,1562.50000,1538.00000,1551.75000,2404
2016.05.25,1552.25000,1556.50000,1534.25000,1540.25000,2290
2016.05.26,1539.50000,1559.25000,1531.50000,1548.25000,2214
2016.05.27,1551.75000,1558.75000,1540.75000,1549.75000,1963
2016.05.31,1548.50000,1557.25000,1541.25000,1548.75000,2013
2016.06.01,1549.00000,1575.00000,1543.25000,1566.25000,2414
2016.06.02,1564.50000,1577.50000,1533.25000,1534.25000,3364
2016.06.03,1537.00000,1562.25000,1533.75000,1537.75000,2775
2016.06.06,1552.50000,1554.75000,1544.25000,1546.75000,1072
2016.06.07,1548.50000,1561.75000,1537.50000,1560.00000,2937
2016.06.08,1559.75000,1607.75000,1557.25000,1596.25000,3274
2016.06.09,1597.25000,1618.00000,1570.75000,1576.75000,3705
2016.06.10,1575.00000,1588.75000,1566.00000,1567.00000,2441
2016.06.13,1568.00000,1601.50000,1558.00000,1596.25000,3207
2016.06.14,1596.50000,1607.50000,1588.75000,1601.50000,2736
2016.06.15,1600.50000,1626.25000,1596.25000,1624.00000,2680
2016.06.16,1623.00000,1623.00000,1591.25000,1603.75000,2968
2016.06.17,1603.50000,1618.75000,1599.25000,1608.75000,2663
2016.06.20,1612.50000,1632.75000,1610.00000,1629.50000,1803
2016.06.21,1626.75000,1636.50000,1616.50000,1630.25000,2082
2016.06.22,1629.00000,1634.75000,1621.50000,1627.25000,2097
2016.06.23,1625.00000,1637.25000,1623.00000,1634.75000,1760
2016.06.24,1631.50000,1632.00000,1587.50000,1610.75000,4370
2016.06.27,1607.00000,1617.75000,1590.25000,1593.75000,2863
2016.06.28,1593.00000,1627.75000,1592.75000,1621.50000,2597
2016.06.29,1624.25000,1633.50000,1613.25000,1628.75000,2469
2016.06.30,1630.75000,1648.75000,1624.25000,1643.25000,2625
2016.07.01,1640.25000,1659.75000,1637.25000,1655.00000,2722
2016.07.04,1656.25000,1666.75000,1639.25000,1639.25000,2823
2016.07.05,1641.25000,1653.00000,1622.75000,1646.50000,4239
2016.07.06,1646.25000,1656.50000,1626.00000,1651.00000,3617
2016.07.07,1649.25000,1653.25000,1633.25000,1633.25000,2840
2016.07.08,1634.50000,1667.25000,1631.50000,1653.25000,2973
2016.07.11,1656.00000,1666.00000,1641.25000,1644.75000,2151
2016.07.12,1645.00000,1673.25000,1640.50000,1671.25000,2451
2016.07.13,1670.00000,1682.75000,1661.50000,1668.75000,2841
2016.07.14,1668.25000,1683.25000,1662.75000,1677.00000,2343
2016.07.15,1675.00000,1697.75000,1659.25000,1660.75000,2914
2016.07.18,1662.50000,1668.00000,1646.50000,1654.75000,2410
2016.07.19,1655.75000,1658.25000,1630.25000,1636.50000,2450
2016.07.20,1639.00000,1643.50000,1606.25000,1620.25000,3053
2016.07.21,1619.00000,1627.50000,1593.25000,1595.75000,2352
2016.07.22,1596.75000,1616.50000,1594.75000,1606.25000,2182
2016.07.25,1606.50000,1614.50000,1591.75000,1599.75000,1786
2016.07.26,1603.25000,1607.25000,1587.25000,1592.00000,2423
2016.07.27,1594.50000,1596.75000,1583.75000,1588.75000,2114
2016.07.28,1590.75000,1606.00000,1587.75000,1601.75000,2325
2016.07.29,1603.50000,1637.25000,1600.75000,1634.25000,2971
2016.08.01,1635.50000,1657.75000,1623.50000,1628.25000,2819
2016.08.02,1627.50000,1647.00000,1619.25000,1619.25000,2489
2016.08.03,1620.50000,1643.25000,1608.75000,1637.25000,2734
2016.08.04,1637.75000,1638.75000,1614.25000,1621.25000,2779
2016.08.05,1619.00000,1643.75000,1619.00000,1641.00000,2723
2016.08.08,1642.25000,1653.75000,1630.75000,1639.50000,1914
2016.08.09,1635.75000,1641.25000,1629.25000,1636.25000,1698
2016.08.10,1637.75000,1661.50000,1636.25000,1636.75000,2220
2016.08.11,1639.25000,1651.50000,1637.00000,1650.75000,1777
2016.08.12,1645.75000,1652.50000,1635.25000,1645.25000,2167
2016.08.15,1649.00000,1672.75000,1641.75000,1672.00000,2036
2016.08.16,1669.25000,1687.50000,1665.25000,1684.25000,2165
2016.08.17,1684.75000,1692.25000,1678.25000,1688.75000,2087
2016.08.18,1688.25000,1703.75000,1675.50000,1682.00000,2259
2016.08.19,1675.50000,1682.50000,1650.75000,1662.25000,3000
2016.08.22,1663.50000,1663.50000,1649.75000,1660.50000,2077
2016.08.23,1659.50000,1668.75000,1656.00000,1663.75000,1662
2016.08.24,1664.00000,1667.25000,1637.75000,1641.75000,1981
2016.08.25,1643.50000,1648.50000,1627.25000,1639.25000,1821
2016.08.26,1641.25000,1649.25000,1634.25000,1638.75000,2118
2016.08.30,1641.50000,1642.50000,1620.75000,1627.50000,1788
2016.08.31,1627.25000,1629.75000,1606.25000,1610.75000,2129
2016.09.01,1608.75000,1618.25000,1594.00000,1612.50000,2223
2016.09.02,1612.25000,1615.00000,1588.25000,1588.50000,2227
2016.09.05,1596.00000,1598.50000,1570.25000,1576.00000,2240
2016.09.06,1576.75000,1588.75000,1574.25000,1583.75000,2105
2016.09.07,1586.50000,1600.25000,1584.25000,1586.25000,1939
2016.09.08,1587.25000,1590.50000,1576.25000,1586.25000,1757
2016.09.09,1585.00000,1588.25000,1570.25000,1571.75000,1518
2016.09.12,1571.00000,1573.00000,1559.25000,1565.50000,2006
2016.09.13,1566.50000,1573.25000,1554.50000,1558.50000,2243
2016.09.14,1560.25000,1586.25000,1555.50000,1583.25000,2655
2016.09.15,1581.50000,1591.75000,1558.75000,1567.25000,2475
2016.09.16,1568.00000,1584.75000,1560.75000,1571.50000,2274
2016.09.19,1571.75000,1579.25000,1565.25000,1579.25000,1823
2016.09.20,1576.25000,1582.75000,1569.75000,1571.25000,1866
2016.09.21,1570.25000,1581.50000,1569.25000,1578.75000,1910
2016.09.22,1583.25000,1627.25000,1583.25000,1623.75000,2681
2016.09.23,1626.25000,1647.25000,1621.75000,1633.25000,3055
2016.09.26,1631.75000,1660.75000,1613.00000,1659.25000,2860
2016.09.27,1651.75000,1667.50000,1635.25000,1644.75000,2917
2016.09.28,1642.50000,1661.25000,1639.00000,1660.75000,2095
2016.09.29,1660.50000,1669.25000,1651.50000,1662.50000,1935
2016.09.30,1662.75000,1669.75000,1651.50000,1666.25000,2009
2016.10.03,1666.00000,1673.75000,1652.75000,1671.25000,2049
2016.10.04,1672.50000,1674.25000,1661.00000,1666.00000,2096
2016.10.05,1664.00000,1672.50000,1656.75000,1668.00000,1555
2016.10.06,1665.75000,1673.75000,1660.25000,1671.75000,1631
2016.10.07,1673.75000,1677.25000,1667.50000,1670.25000,1440
2016.10.10,1670.50000,1685.75000,1666.25000,1685.75000,2326
2016.10.11,1681.75000,1687.75000,1660.50000,1677.50000,2947
2016.10.12,1676.00000,1684.75000,1666.50000,1677.75000,1661
2016.10.13,1675.25000,1688.75000,1670.25000,1687.00000,3082
2016.10.14,1686.75000,1689.25000,1664.00000,1668.25000,1814
2016.10.17,1668.00000,1668.75000,1642.25000,1659.50000,2406
2016.10.18,1659.75000,1677.25000,1632.50000,1640.00000,2678
2016.10.19,1640.75000,1649.75000,1614.75000,1627.75000,2828
2016.10.20,1627.50000,1630.75000,1603.00000,1611.25000,2485
2016.10.21,1611.00000,1624.25000,1608.75000,1620.75000,2523
2016.10.24,1622.75000,1633.25000,1620.75000,1629.00000,2287
2016.10.25,1630.00000,1680.75000,1629.75000,1669.50000,4703
2016.10.26,1664.75000,1679.75000,1661.25000,1678.50000,3127
2016.10.27,1677.25000,1696.00000,1666.50000,1693.25000,2862
2016.10.28,1690.00000,1713.75000,1689.25000,1711.00000,2534
2016.10.31,1714.75000,1732.25000,1704.25000,1732.25000,2495
2016.11.01,1725.25000,1734.75000,1712.50000,1727.75000,3251
2016.11.02,1724.75000,1726.75000,1691.50000,1712.25000,4178
2016.11.03,1713.50000,1731.75000,1706.75000,1722.25000,2801
2016.11.04,1721.25000,1725.50000,1709.75000,1714.25000,3299
2016.11.07,1715.00000,1723.75000,1706.25000,1722.75000,3060
2016.11.08,1721.00000,1729.75000,1703.75000,1726.75000,4496
2016.11.09,1723.50000,1755.75000,1699.75000,1747.75000,6427
2016.11.10,1742.50000,1777.75000,1742.25000,1768.75000,5389
2016.11.11,1763.00000,1789.25000,1735.25000,1738.00000,8584
2016.11.14,1749.50000,1777.25000,1717.25000,1734.25000,6750
2016.11.15,1742.00000,1749.50000,1706.25000,1727.75000,6215
2016.11.16,1729.50000,1729.50000,1689.25000,1697.75000,4246
2016.11.17,1696.25000,1697.50000,1675.75000,1687.00000,4163
2016.11.18,1685.00000,1697.25000,1677.75000,1686.25000,3988
2016.11.21,1711.25000,1718.75000,1704.50000,1717.75000,1793
2016.11.22,1720.50000,1757.75000,1714.00000,1756.75000,4123
2016.11.23,1757.00000,1780.75000,1735.75000,1773.25000,4399
2016.11.24,1772.25000,1783.75000,1755.50000,1759.25000,4429
2016.11.25,1758.00000,1764.75000,1735.25000,1761.50000,3946
2016.11.28,1761.75000,1779.00000,1729.50000,1729.75000,5241
2016.11.29,1732.25000,1736.75000,1703.25000,1713.25000,4212
2016.11.30,1713.75000,1739.00000,1698.00000,1720.75000,5568
2016.12.01,1732.25000,1740.75000,1708.25000,1716.25000,3961
2016.12.02,1713.75000,1723.75000,1701.25000,1709.75000,3577
2016.12.05,1710.50000,1730.75000,1705.50000,1725.50000,2921
2016.12.06,1724.75000,1727.50000,1695.00000,1702.75000,2842
2016.12.07,1702.25000,1730.50000,1695.00000,1704.25000,3934
2016.12.08,1707.00000,1726.00000,1702.25000,1719.50000,3552
2016.12.09,1718.75000,1749.75000,1718.75000,1743.50000,3032
2016.12.12,1747.50000,1757.25000,1727.50000,1731.75000,2945
2016.12.13,1730.00000,1742.75000,1724.25000,1736.00000,3152
2016.12.14,1735.75000,1742.25000,1720.50000,1736.75000,3111
2016.12.15,1731.50000,1741.50000,1721.75000,1733.50000,2993
2016.12.16,1733.25000,1738.50000,1707.50000,1715.00000,2572
2016.12.19,1710.50000,1716.75000,1699.75000,1707.25000,3186
2016.12.20,1705.50000,1719.75000,1698.75000,1715.75000,2183
2016.12.21,1718.50000,1725.25000,1713.25000,1718.75000,1778
2016.12.22,1720.75000,1723.75000,1709.00000,1718.75000,2474
2016.12.23,1718.25000,1720.00000,1710.75000,1716.50000,1442
2016.12.28,1723.50000,1728.00000,1697.25000,1699.00000,2442
2016.12.29,1698.25000,1701.50000,1673.75000,1680.25000,2200
2016.12.30,1680.75000,1703.25000,1679.00000,1697.75000,1787
2017.01.03,1690.00000,1697.25000,1672.00000,1681.25000,2306
2017.01.04,1680.25000,1689.50000,1675.50000,1684.25000,2682
2017.01.05,1686.25000,1706.75000,1684.25000,1696.25000,2264
2017.01.06,1695.25000,1713.75000,1689.25000,1704.25000,2296
2017.01.09,1712.00000,1721.75000,1698.75000,1715.75000,2038
2017.01.10,1713.50000,1746.25000,1711.25000,1737.75000,3172
2017.01.11,1738.50000,1754.50000,1736.25000,1749.75000,3001
2017.01.12,1749.50000,1789.75000,1749.50000,1780.25000,3706
2017.01.13,1786.75000,1807.25000,1775.25000,1806.25000,2956
2017.01.16,1803.75000,1813.75000,1778.75000,1779.50000,2786
2017.01.17,1781.50000,1802.75000,1755.25000,1792.50000,4335
2017.01.18,1789.75000,1829.25000,1786.00000,1810.50000,3227
2017.01.19,1810.75000,1823.75000,1805.75000,1816.75000,3389
2017.01.20,1817.00000,1852.75000,1806.25000,1841.50000,3431
2017.01.23,1849.50000,1867.75000,1836.25000,1845.75000,2859
2017.01.24,1846.25000,1877.50000,1829.00000,1860.25000,3970
2017.01.25,1861.50000,1870.50000,1818.75000,1828.75000,3905
2017.01.26,1834.00000,1852.75000,1809.50000,1813.50000,3246
2017.01.27,1817.00000,1824.75000,1805.25000,1818.50000,2402
2017.01.30,1819.75000,1821.75000,1796.75000,1804.00000,2164
2017.01.31,1803.75000,1819.75000,1797.25000,1816.75000,2435
2017.02.01,1816.50000,1824.75000,1799.50000,1813.50000,2748
2017.02.02,1817.25000,1826.75000,1810.25000,1824.25000,1880
2017.02.03,1831.25000,1834.25000,1808.50000,1831.75000,3595
2017.02.06,1831.50000,1837.25000,1813.75000,1831.75000,2731
2017.02.07,1828.75000,1828.75000,1815.75000,1827.25000,2566
2017.02.08,1826.75000,1851.00000,1823.50000,1842.25000,2672
2017.02.09,1840.00000,1853.25000,1836.75000,1846.50000,2890
2017.02.10,1843.50000,1873.00000,1831.75000,1867.75000,3738
2017.02.13,1871.25000,1884.75000,1862.25000,1866.50000,4122
2017.02.14,1867.00000,1901.75000,1867.00000,1884.50000,5362
2017.02.15,1889.25000,1910.50000,1875.00000,1908.75000,3752
2017.02.16,1907.25000,1909.50000,1881.25000,1898.25000,4642
2017.02.17,1895.50000,1897.50000,1863.00000,1878.00000,4847
2017.02.20,1874.00000,1901.00000,1872.00000,1895.75000,3737
2017.02.21,1898.50000,1900.25000,1876.50000,1877.75000,3156
2017.02.22,1874.25000,1887.75000,1862.50000,1884.00000,3826
2017.02.23,1882.50000,1886.50000,1852.75000,1859.25000,4591
2017.02.24,1859.00000,1883.75000,1856.50000,1882.25000,3983
2017.02.27,1880.25000,1904.00000,1872.25000,1895.25000,3883
2017.02.28,1893.00000,1918.75000,1887.25000,1912.25000,3349
2017.03.01,1913.00000,1951.75000,1910.25000,1941.25000,4275
2017.03.02,1935.25000,1938.75000,1899.25000,1905.50000,3854
2017.03.03,1903.00000,1915.25000,1874.25000,1885.75000,3945
2017.03.06,1885.00000,1889.50000,1856.50000,1873.25000,5013
2017.03.07,1873.50000,1878.75000,1859.25000,1878.00000,2967
2017.03.08,1877.75000,1885.75000,1865.75000,1866.25000,4046
2017.03.09,1867.75000,1871.00000,1843.25000,1868.50000,3971
2017.03.10,1867.00000,1900.25000,1863.50000,1873.25000,4176
2017.03.13,1875.25000,1891.75000,1873.25000,1874.50000,3397
2017.03.14,1875.50000,1877.50000,1850.25000,1860.25000,3959
2017.03.15,1861.50000,1880.75000,1858.00000,1879.75000,3443
2017.03.16,1885.50000,1907.50000,1883.75000,1896.75000,3277
2017.03.17,1896.00000,1914.00000,1883.50000,1910.25000,3692
2017.03.20,1905.75000,1924.75000,1894.50000,1915.50000,3581
2017.03.21,1910.50000,1935.75000,1904.50000,1917.50000,3358
2017.03.22,1916.50000,1930.75000,1901.75000,1920.50000,3316
2017.03.23,1921.75000,1928.75000,1910.75000,1927.00000,3377
2017.03.24,1922.00000,1934.75000,1914.25000,1933.75000,3091
2017.03.27,1931.25000,1931.25000,1910.25000,1924.50000,2962
2017.03.28,1922.50000,1942.75000,1912.50000,1937.25000,2708
2017.03.29,1940.50000,1955.75000,1930.25000,1947.75000,2849
2017.03.30,1950.00000,1975.75000,1946.25000,1958.50000,3228
2017.03.31,1960.25000,1969.75000,1945.25000,1959.75000,3086
2017.04.03,1957.25000,1966.50000,1941.25000,1945.00000,2923
2017.04.04,1942.25000,1948.50000,1930.75000,1936.50000,1686
2017.04.05,1934.50000,1974.50000,1934.25000,1961.75000,4024
2017.04.06,1958.25000,1968.25000,1946.25000,1947.75000,3229
2017.04.07,1948.50000,1961.75000,1926.25000,1958.75000,4467
2017.04.10,1955.25000,1956.75000,1918.25000,1918.25000,3231
2017.04.11,1920.00000,1925.50000,1905.75000,1917.75000,3011
2017.04.12,1918.00000,1924.25000,1890.75000,1892.75000,2893
2017.04.13,1894.00000,1919.75000,1892.75000,1909.00000,3216
2017.04.18,1940.50000,1953.25000,1887.75000,1896.50000,4787
2017.04.19,1892.25000,1910.25000,1891.25000,1905.75000,3816
2017.04.20,1910.50000,1943.75000,1902.50000,1943.50000,3842
2017.04.21,1940.50000,1958.50000,1927.75000,1931.50000,4412
2017.04.24,1940.25000,1945.00000,1928.25000,1943.50000,3367
2017.04.25,1943.25000,1961.50000,1938.25000,1957.25000,2913
2017.04.26,1956.25000,1963.75000,1948.50000,1959.50000,2501
2017.04.27,1962.25000,1968.00000,1916.25000,1920.00000,2926
2017.04.28,1921.25000,1932.50000,1903.25000,1910.00000,3271
2017.05.02,1915.50000,1925.00000,1899.25000,1922.75000,2614
2017.05.03,1925.25000,1926.00000,1907.25000,1918.00000,2921
2017.05.04,1915.75000,1918.50000,1895.25000,1912.25000,2717
2017.05.05,1911.75000,1917.25000,1890.25000,1900.25000,2535
2017.05.08,1897.25000,1898.75000,1869.25000,1878.00000,3216
2017.05.09,1877.75000,1878.75000,1866.00000,1867.25000,2177
2017.05.10,1868.00000,1873.75000,1858.00000,1862.25000,1957
2017.05.11,1863.00000,1889.25000,1859.75000,1868.75000,3132
2017.05.12,1870.50000,1888.50000,1866.25000,1875.75000,2247
2017.05.15,1882.00000,1906.25000,1879.00000,1901.75000,2438
2017.05.16,1902.50000,1925.50000,1892.50000,1923.25000,2563
2017.05.17,1920.50000,1926.50000,1912.25000,1920.50000,2318
2017.05.18,1918.50000,1920.50000,1896.25000,1920.00000,3264
2017.05.19,1915.50000,1941.75000,1909.25000,1938.50000,2914
2017.05.22,1939.00000,1941.50000,1926.25000,1935.25000,3328
2017.05.23,1933.25000,1943.75000,1917.25000,1943.75000,2538
2017.05.24,1942.50000,1953.25000,1927.50000,1941.25000,2615
2017.05.25,1941.00000,1956.75000,1935.75000,1956.25000,2611
2017.05.26,1955.50000,1961.50000,1943.25000,1946.75000,2234
2017.05.30,1946.50000,1952.00000,1910.75000,1923.50000,2010
2017.05.31,1925.00000,1930.75000,1904.50000,1926.75000,3259
2017.06.01,1927.00000,1938.75000,1913.75000,1929.25000,4035
2017.06.02,1923.00000,1929.75000,1904.75000,1925.50000,3236
2017.06.05,1927.25000,1928.50000,1898.75000,1898.75000,2375
2017.06.06,1898.50000,1905.50000,1881.75000,1900.25000,2783
2017.06.07,1897.00000,1912.25000,1891.25000,1901.25000,2359
2017.06.08,1900.75000,1916.75000,1894.50000,1898.25000,2663
2017.06.09,1898.00000,1906.75000,1884.25000,1905.75000,2235
2017.06.12,1906.00000,1907.00000,1880.75000,1884.25000,1816
2017.06.13,1882.75000,1890.25000,1873.75000,1888.25000,2416
2017.06.14,1888.00000,1893.25000,1876.25000,1878.25000,2510
2017.06.15,1874.50000,1880.75000,1865.75000,1869.75000,2591
2017.06.16,1871.25000,1876.75000,1864.25000,1866.25000,1280
2017.06.19,1866.50000,1886.50000,1865.75000,1885.25000,2079
2017.06.20,1883.75000,1904.50000,1878.00000,1881.25000,2178
2017.06.21,1880.50000,1886.75000,1861.25000,1862.25000,2235
2017.06.22,1862.75000,1878.50000,1861.75000,1864.75000,2139
2017.06.23,1866.00000,1876.00000,1860.25000,1863.75000,1858
2017.06.26,1862.50000,1871.50000,1849.75000,1862.50000,1490
2017.06.27,1859.50000,1884.75000,1853.25000,1880.25000,1897
2017.06.28,1882.00000,1891.75000,1875.75000,1891.25000,2066
2017.06.29,1891.75000,1912.50000,1890.25000,1908.25000,1653
2017.06.30,1907.00000,1916.75000,1897.50000,1914.75000,2031
2017.07.03,1916.00000,1925.25000,1910.50000,1925.25000,1823
2017.07.04,1923.25000,1925.25000,1907.25000,1924.75000,1492
2017.07.05,1922.00000,1928.25000,1913.50000,1926.25000,2406
2017.07.06,1923.25000,1942.50000,1918.25000,1940.25000,2388
2017.07.07,1936.25000,1940.50000,1919.25000,1927.25000,1974
2017.07.10,1924.00000,1929.75000,1888.75000,1892.75000,2883
2017.07.11,1892.25000,1900.75000,1882.75000,1892.50000,2888
2017.07.12,1892.75000,1899.75000,1877.00000,1883.75000,2813
2017.07.13,1886.50000,1938.00000,1886.25000,1915.50000,3536
2017.07.14,1921.50000,1927.75000,1914.00000,1918.25000,2771
2017.07.17,1919.50000,1935.75000,1892.50000,1904.75000,2362
2017.07.18,1908.00000,1929.25000,1894.25000,1926.00000,2421
2017.07.19,1924.00000,1934.25000,1910.25000,1919.25000,2023
2017.07.20,1915.75000,1925.50000,1908.00000,1916.25000,1954
2017.07.21,1912.50000,1929.50000,1908.25000,1910.75000,2098
2017.07.24,1912.25000,1919.75000,1904.25000,1906.00000,1906
2017.07.25,1908.75000,1943.75000,1908.25000,1939.75000,2609
2017.07.26,1937.00000,1958.75000,1926.25000,1931.75000,3597
2017.07.27,1932.00000,1952.75000,1927.25000,1933.00000,2808
2017.07.28,1933.25000,1937.75000,1903.25000,1906.00000,2968
2017.07.31,1906.50000,1922.00000,1906.00000,1911.50000,2524
2017.08.01,1911.00000,1915.00000,1898.50000,1902.75000,2129
2017.08.02,1906.50000,1932.00000,1903.50000,1921.75000,2699
2017.08.03,1922.00000,1926.75000,1905.25000,1908.25000,1954
2017.08.04,1909.75000,1915.25000,1898.25000,1899.00000,2333
2017.08.07,1902.25000,1967.50000,1902.25000,1967.00000,4069
2017.08.08,1963.25000,2029.75000,1963.25000,2029.25000,5191
2017.08.09,2019.50000,2037.50000,2007.25000,2014.50000,5278
2017.08.10,2018.00000,2041.25000,2012.75000,2029.75000,4460
2017.08.11,2030.00000,2043.00000,2013.25000,2042.25000,5307
2017.08.14,2039.00000,2042.25000,2017.25000,2021.00000,3641
2017.08.15,2021.75000,2050.75000,2015.25000,2044.75000,3190
2017.08.16,2043.75000,2099.25000,2041.25000,2081.50000,4806
2017.08.17,2086.25000,2106.50000,2060.25000,2066.50000,4667
2017.08.18,2061.75000,2094.00000,2052.75000,2058.75000,4987
2017.08.21,2056.75000,2093.25000,2056.25000,2074.00000,5415
2017.08.22,2081.25000,2082.75000,2058.75000,2074.00000,5108
2017.08.23,2074.25000,2101.25000,2051.75000,2097.50000,4005
2017.08.24,2099.50000,2117.00000,2084.50000,2099.50000,4036
2017.08.25,2093.50000,2106.75000,2060.25000,2065.00000,4268
2017.08.29,2072.00000,2099.00000,2064.25000,2090.75000,3840
2017.08.30,2084.25000,2098.00000,2077.25000,2084.00000,3000
2017.08.31,2081.75000,2133.75000,2081.75000,2118.75000,3425
2017.09.01,2121.50000,2139.50000,2115.00000,2132.00000,3277
2017.09.05,2113.50000,2117.75000,2084.25000,2086.25000,4011
2017.09.06,2088.00000,2108.75000,2067.25000,2108.50000,3238
2017.09.07,2110.50000,2113.75000,2083.00000,2108.00000,3418
2017.09.08,2108.50000,2118.50000,2079.75000,2091.50000,4614
2017.09.11,2089.25000,2132.00000,2086.25000,2113.50000,3837
2017.09.12,2118.50000,2137.25000,2103.25000,2135.00000,3814
2017.09.13,2134.50000,2140.50000,2098.75000,2110.50000,4582
2017.09.14,2105.00000,2123.25000,2075.25000,2096.75000,4185
2017.09.15,2094.75000,2102.25000,2066.50000,2081.00000,5101
2017.09.18,2084.50000,2100.75000,2077.75000,2085.25000,3983
2017.09.19,2090.50000,2131.25000,2088.50000,2123.50000,4613
2017.09.20,2120.50000,2189.25000,2117.25000,2173.75000,5995
2017.09.21,2176.00000,2193.75000,2135.25000,2144.00000,7750
2017.09.22,2149.50000,2164.50000,2107.25000,2154.50000,6752
2017.09.25,2153.00000,2168.75000,2128.25000,2146.00000,3905
2017.09.26,2143.00000,2154.25000,2117.25000,2120.75000,3318
2017.09.27,2120.00000,2142.00000,2117.25000,2125.50000,3014
2017.09.28,2123.00000,2140.50000,2113.25000,2134.25000,3453
2017.09.29,2134.00000,2135.50000,2098.75000,2101.00000,2668
2017.10.02,2107.75000,2109.00000,2077.25000,2104.50000,2175
2017.10.03,2101.75000,2135.75000,2095.75000,2135.75000,2070
2017.10.04,2138.50000,2163.75000,2133.25000,2153.25000,2419
2017.10.05,2152.75000,2167.75000,2140.50000,2164.50000,1522
2017.10.06,2164.75000,2166.50000,2131.50000,2139.75000,2159
2017.10.09,2143.75000,2169.50000,2138.25000,2165.25000,3380
2017.10.10,2166.00000,2167.50000,2142.75000,2158.50000,3529
2017.10.11,2154.50000,2160.00000,2125.25000,2132.25000,3780
2017.10.12,2129.00000,2145.25000,2125.75000,2145.25000,3060
2017.10.13,2142.75000,2166.75000,2121.00000,2134.25000,3605
2017.10.16,2137.00000,2156.75000,2122.50000,2134.50000,4203
2017.10.17,2133.50000,2148.75000,2125.25000,2138.50000,3753
2017.10.18,2144.25000,2144.50000,2109.75000,2112.75000,3293
2017.10.19,2114.50000,2152.00000,2113.00000,2144.25000,3377
2017.10.20,2147.50000,2163.75000,2126.50000,2133.50000,3492
2017.10.23,2132.75000,2143.75000,2125.25000,2137.50000,2375
2017.10.24,2137.00000,2160.25000,2131.00000,2157.25000,2522
2017.10.25,2155.25000,2183.50000,2144.25000,2179.50000,2791
2017.10.26,2180.75000,2209.75000,2171.25000,2185.25000,3163
2017.10.27,2187.75000,2187.75000,2126.75000,2169.75000,3501
2017.10.30,2170.00000,2177.50000,2150.00000,2150.25000,3010
2017.10.31,2155.50000,2171.75000,2140.25000,2162.00000,3168
2017.11.01,2169.75000,2209.75000,2153.25000,2168.25000,4742
2017.11.02,2172.00000,2181.25000,2152.50000,2167.25000,3755
2017.11.03,2169.25000,2187.75000,2160.75000,2178.00000,3433
2017.11.06,2170.00000,2180.75000,2156.00000,2163.00000,3336
2017.11.07,2164.75000,2169.00000,2126.75000,2128.25000,3457
2017.11.08,2134.75000,2138.50000,2097.75000,2098.75000,3281
2017.11.09,2102.50000,2107.50000,2074.25000,2086.75000,3659
2017.11.10,2091.75000,2103.25000,2078.25000,2100.00000,2654
2017.11.13,2102.00000,2118.50000,2091.50000,2108.75000,2654
2017.11.14,2107.75000,2110.50000,2077.75000,2083.75000,3150
2017.11.15,2085.50000,2114.25000,2064.75000,2099.50000,3428
2017.11.16,2100.50000,2129.75000,2094.25000,2096.75000,3101
2017.11.17,2104.25000,2110.50000,2080.50000,2103.50000,2912
2017.11.20,2099.50000,2100.50000,2069.25000,2082.00000,3847
2017.11.21,2079.50000,2083.50000,2067.50000,2078.75000,3197
2017.11.22,2083.75000,2106.75000,2081.50000,2098.00000,2839
2017.11.23,2100.75000,2111.75000,2093.25000,2110.75000,1719
2017.11.24,2106.75000,2130.75000,2097.75000,2126.25000,2268
2017.11.27,2129.00000,2134.75000,2102.25000,2130.50000,2469
2017.11.28,2128.00000,2129.75000,2088.75000,2090.25000,3424
2017.11.29,2095.75000,2104.50000,2045.25000,2052.25000,3712
2017.11.30,2054.00000,2060.75000,2034.25000,2040.25000,3653
2017.12.01,2042.50000,2080.75000,2037.50000,2076.50000,3346
2017.12.04,2067.25000,2076.25000,2057.50000,2066.50000,3131
2017.12.05,2065.00000,2071.50000,2043.25000,2049.75000,3879
2017.12.06,2050.25000,2050.50000,2011.75000,2015.75000,2939
2017.12.07,2018.25000,2020.50000,1993.50000,2008.25000,3169
2017.12.08,2010.00000,2022.00000,1999.50000,2009.50000,3165
2017.12.11,2010.00000,2024.25000,1998.25000,2023.25000,2875
2017.12.12,2018.75000,2021.00000,2003.25000,2012.50000,2909
2017.12.13,2013.00000,2017.75000,1995.00000,2008.50000,2149
2017.12.14,2013.00000,2049.25000,2010.00000,2040.00000,2728
2017.12.15,2035.75000,2069.00000,2031.25000,2058.75000,2892
2017.12.18,2059.25000,2071.25000,2055.25000,2070.25000,2240
2017.12.19,2067.25000,2098.50000,2062.25000,2095.25000,3369
2017.12.20,2092.75000,2117.75000,2085.75000,2117.25000,3125
2017.12.21,2115.00000,2145.25000,2108.75000,2145.25000,3804
2017.12.22,2139.25000,2198.75000,2125.75000,2186.00000,3747
2017.12.27,2185.50000,2249.00000,2165.00000,2239.00000,3411
2017.12.28,2235.75000,2279.25000,2223.25000,2274.25000,3615
2017.12.29,2262.75000,2285.50000,2246.25000,2270.50000,3853
2018.01.02,2274.00000,2284.50000,2247.00000,2256.75000,4316
2018.01.03,2253.50000,2256.75000,2221.25000,2227.50000,3188
2018.01.04,2209.75000,2251.50000,2207.00000,2244.50000,3226
2018.01.05,2243.25000,2247.75000,2195.75000,2197.50000,3297
2018.01.08,2196.50000,2209.25000,2166.50000,2169.25000,3352
2018.01.09,2170.75000,2178.75000,2144.25000,2149.50000,2598
2018.01.10,2152.75000,2184.50000,2150.50000,2177.75000,3106
2018.01.11,2179.00000,2203.75000,2165.25000,2177.50000,3438
2018.01.12,2178.50000,2225.00000,2178.25000,2216.00000,3658
2018.01.15,2223.00000,2244.75000,2218.50000,2218.75000,2979
2018.01.16,2223.25000,2223.75000,2165.50000,2189.50000,4624
2018.01.17,2190.50000,2193.75000,2176.25000,2189.50000,2884
2018.01.18,2184.50000,2239.00000,2179.75000,2237.00000,3449
2018.01.19,2234.50000,2264.75000,2212.75000,2215.75000,4171
2018.01.22,2213.50000,2245.25000,2209.00000,2243.25000,2946
2018.01.23,2240.50000,2243.00000,2201.75000,2220.50000,3426
2018.01.24,2223.00000,2249.00000,2203.50000,2241.75000,4000
2018.01.25,2240.25000,2263.50000,2226.75000,2229.50000,3670
2018.01.26,2224.25000,2258.75000,2218.75000,2251.50000,3277
2018.01.29,2256.50000,2264.75000,2217.25000,2220.25000,3428
2018.01.30,2225.00000,2234.25000,2190.00000,2210.00000,3921
2018.01.31,2218.50000,2226.75000,2203.75000,2208.75000,3165
2018.02.01,2206.75000,2230.25000,2184.50000,2225.50000,3450
2018.02.02,2225.75000,2229.75000,2201.50000,2208.00000,3275
2018.02.05,2209.00000,2210.00000,2187.75000,2204.50000,3128
2018.02.06,2187.50000,2196.50000,2165.00000,2167.00000,3876
2018.02.07,2178.00000,2204.25000,2147.50000,2154.75000,3895
2018.02.08,2160.25000,2170.50000,2143.00000,2167.00000,4103
2018.02.09,2161.00000,2167.75000,2115.75000,2118.75000,4645
2018.02.12,2126.50000,2146.50000,2112.25000,2128.25000,4080
2018.02.13,2126.00000,2146.25000,2117.75000,2136.50000,3737
2018.02.14,2135.75000,2195.50000,2107.75000,2184.75000,4701
2018.02.15,2181.00000,2195.75000,2138.25000,2157.75000,3160
2018.02.16,2152.00000,2211.25000,2152.00000,2199.50000,2711
2018.02.19,2191.00000,2223.25000,2161.25000,2201.25000,2452
2018.02.20,2197.25000,2212.75000,2178.50000,2180.25000,2194
2018.02.21,2180.50000,2202.50000,2155.50000,2198.25000,2423
2018.02.22,2180.75000,2186.25000,2156.25000,2181.25000,3520
2018.02.23,2176.50000,2190.50000,2136.50000,2143.75000,3528
2018.02.26,2150.00000,2164.25000,2132.25000,2134.50000,2979
2018.02.27,2140.50000,2154.25000,2131.75000,2142.75000,3012
2018.02.28,2143.00000,2148.75000,2125.75000,2128.75000,2821
2018.03.01,2124.25000,2159.50000,2113.25000,2148.50000,3877
2018.03.02,2142.75000,2156.50000,2132.25000,2146.00000,3193
2018.03.05,2148.25000,2152.75000,2129.25000,2142.50000,3442
2018.03.06,2144.25000,2152.00000,2133.25000,2135.25000,3177
2018.03.07,2136.75000,2140.75000,2092.25000,2100.25000,3524
2018.03.08,2096.00000,2109.25000,2088.25000,2104.00000,3496
2018.03.09,2108.50000,2128.75000,2088.25000,2115.50000,4205
2018.03.12,2114.25000,2115.00000,2086.25000,2088.75000,3561
2018.03.13,2090.75000,2102.50000,2082.75000,2098.75000,3822
2018.03.14,2095.25000,2121.25000,2082.50000,2086.00000,3961
2018.03.15,2086.25000,2098.00000,2066.25000,2081.25000,3608
2018.03.16,2078.00000,2093.50000,2071.75000,2082.00000,3373
2018.03.19,2073.00000,2091.25000,2064.00000,2083.75000,2379
2018.03.20,2084.75000,2091.75000,2066.25000,2075.50000,2900
2018.03.21,2077.00000,2086.50000,2057.50000,2070.75000,3377
2018.03.22,2081.50000,2100.25000,2057.50000,2064.00000,4008
2018.03.23,2061.75000,2069.50000,2044.50000,2048.50000,3439
2018.03.26,2049.75000,2058.25000,2038.50000,2047.50000,2908
2018.03.27,2045.75000,2066.00000,2036.50000,2042.25000,2860
2018.03.28,2041.75000,2041.75000,2014.25000,2025.75000,2841
2018.03.29,2026.50000,2039.75000,1991.75000,2000.00000,3717
2018.04.03,2009.50000,2033.25000,1975.75000,1997.50000,4206
2018.04.04,1992.50000,1995.50000,1975.50000,1985.25000,3544
2018.04.05,1989.50000,2015.50000,1973.25000,2012.25000,2781
2018.04.06,2001.00000,2056.75000,1982.00000,2056.25000,3044
2018.04.09,2070.50000,2139.25000,2067.75000,2133.50000,6649
2018.04.10,2124.75000,2201.00000,2119.50000,2200.50000,5323
