2013.10.28,00:00,24.90000,25.05000,24.87500,25.05000,1132
2013.10.29,00:00,25.04000,25.35500,25.04000,25.29500,2149
2013.10.30,00:00,25.35500,25.66500,25.31750,25.46250,2553
2013.10.31,00:00,24.65250,24.65250,24.13000,24.45750,4020
2013.11.01,00:00,24.53250,24.73750,24.49000,24.65000,2798
2013.11.04,00:00,24.72250,24.82500,24.64000,24.74000,2346
2013.11.05,00:00,24.73250,24.80250,24.67250,24.77750,2322
2013.11.06,00:00,24.83500,24.95750,24.76750,24.78250,1928
2013.11.07,00:00,24.77500,25.09000,24.70000,24.78000,2841
2013.11.08,00:00,24.60250,24.66000,24.50750,24.57250,2923
2013.11.11,00:00,24.68750,24.75250,24.64000,24.71250,1782
2013.11.12,00:00,24.71000,24.74000,24.55750,24.66250,2319
2013.11.13,00:00,24.20250,24.40250,24.18750,24.25750,2472
2013.11.14,00:00,24.40000,24.65750,24.37750,24.57250,2340
2013.11.15,00:00,24.64250,25.01750,24.64250,25.01750,2098
2013.11.18,00:00,24.94000,25.30250,24.90750,25.04750,2281
2013.11.19,00:00,24.92750,25.03250,24.83000,24.94250,2162
2013.11.20,00:00,24.87500,25.26750,24.86750,25.16250,2248
2013.11.21,00:00,25.13750,25.29500,25.06250,25.16750,2071
2013.11.22,00:00,25.18750,25.26250,25.10250,25.12250,1996
2013.11.25,00:00,25.14000,25.17250,25.03750,25.09250,1732
2013.11.26,00:00,25.04750,25.09500,24.69250,24.71750,1782
2013.11.27,00:00,24.65250,24.76750,24.59250,24.70250,1686
2013.11.28,00:00,24.67000,24.68500,24.56500,24.61750,1409
2013.11.29,00:00,24.57250,24.67750,24.55000,24.66250,1457
2013.12.02,00:00,24.60000,24.63000,24.43000,24.56250,1538
2013.12.03,00:00,24.57000,24.60750,24.27000,24.36750,2163
2013.12.04,00:00,24.43500,24.45250,24.12250,24.31250,2343
2013.12.05,00:00,24.17750,24.19500,23.97750,24.05750,2668
2013.12.06,00:00,24.31000,24.67250,24.29750,24.63750,3245
2013.12.09,00:00,24.69000,24.76000,24.54250,24.75250,2414
2013.12.10,00:00,24.82250,25.00250,24.72750,24.81250,2291
2013.12.11,00:00,24.77000,24.85750,24.62750,24.65750,2126
2013.12.12,00:00,24.64250,24.77000,24.54250,24.57250,2962
2013.12.13,00:00,24.40000,24.42500,24.27000,24.34000,2030
2013.12.16,00:00,24.29500,24.52250,24.19000,24.51250,2177
2013.12.17,00:00,24.42750,24.56750,24.37250,24.50500,1764
2013.12.18,00:00,24.53750,24.79750,24.39000,24.79750,1717
2013.12.19,00:00,25.05250,25.20750,24.94750,25.20250,2759
2013.12.20,00:00,25.31250,25.44750,25.29750,25.43750,2319
2013.12.23,00:00,25.44000,25.70750,25.38750,25.62250,1838
2013.12.24,00:00,25.70500,25.85250,25.69750,25.79500,919
2013.12.27,00:00,25.81000,25.94250,25.74250,25.83750,1946
2013.12.30,00:00,25.88500,25.90500,25.66000,25.76250,2426
2013.12.31,00:00,25.70000,25.95750,25.66750,25.94250,776
2014.01.02,00:00,25.94750,26.09750,25.83250,25.95250,3201
2014.01.03,00:00,25.97500,26.16750,25.85000,26.02750,2250
2014.01.06,00:00,25.96500,25.96500,25.76750,25.77250,2419
2014.01.07,00:00,25.80000,26.03750,25.69500,25.99750,2307
2014.01.08,00:00,26.04000,26.04000,25.83750,25.93250,2228
2014.01.09,00:00,25.95500,26.11000,25.89000,25.94750,2803
2014.01.10,00:00,26.14250,26.42250,26.12750,26.31250,3708
2014.01.13,00:00,26.25500,26.29250,26.13500,26.24000,2240
2014.01.14,00:00,26.00750,26.18250,25.93000,26.14750,2813
2014.01.15,00:00,26.09750,26.26750,26.06000,26.26250,2027
2014.01.16,00:00,26.21000,26.43750,26.11500,26.33000,2696
2014.01.17,00:00,25.33500,26.28000,25.17500,26.26250,5182
2014.01.20,00:00,26.20000,26.32250,25.99500,26.28750,2348
2014.01.21,00:00,26.34500,26.36250,26.12750,26.20500,2780
2014.01.22,00:00,26.32500,26.65750,26.26750,26.64750,2931
2014.01.23,00:00,26.61000,26.78750,26.40250,26.49750,3790
2014.01.24,00:00,26.57000,26.63250,26.10250,26.13750,4395
2014.01.27,00:00,26.05500,26.14250,25.82250,25.92250,3785
2014.01.28,00:00,25.91500,25.99500,25.66250,25.77250,2595
2014.01.29,00:00,25.74750,25.92750,25.48250,25.72000,3686
2014.01.30,00:00,25.85750,26.58000,25.85500,26.11250,5261
2014.01.31,00:00,25.88500,26.15500,25.57000,25.58750,4688
2014.02.03,00:00,25.54000,25.71500,25.28250,25.30000,4777
2014.02.04,00:00,25.11250,25.25250,24.98250,25.14250,3745
2014.02.05,00:00,25.04000,25.25000,24.98750,25.14500,3234
2014.02.06,00:00,25.25000,25.31500,25.10500,25.24000,1942
2014.02.07,00:00,25.24500,25.36750,25.13000,25.23500,3160
2014.02.10,00:00,25.33000,25.37750,25.19750,25.27250,2358
2014.02.11,00:00,25.32000,25.73750,25.32000,25.73250,3133
2014.02.12,00:00,25.52250,25.88250,25.48250,25.79500,2781
2014.02.13,00:00,25.84000,25.94250,25.71750,25.93500,3319
2014.02.14,00:00,25.90000,26.05250,25.83000,25.97750,2283
2014.02.17,00:00,25.98500,26.16750,25.89250,25.96250,1671
2014.02.18,00:00,25.92500,26.34250,25.89000,26.32250,2761
2014.02.19,00:00,26.29000,26.52000,26.24500,26.44500,2349
2014.02.20,00:00,26.42250,26.64750,26.36750,26.62250,3375
2014.02.21,00:00,26.75750,26.85000,26.68250,26.77750,3394
2014.02.24,00:00,26.72500,26.86000,26.65000,26.82250,2351
2014.02.25,00:00,26.89500,26.93000,26.55000,26.71500,2298
2014.02.26,00:00,26.71000,26.76250,26.53000,26.69250,2066
2014.02.27,00:00,26.64250,26.74000,26.32500,26.52250,3601
2014.02.28,00:00,26.60250,26.69750,26.32750,26.44250,3219
2014.03.03,00:00,26.09000,26.41500,26.01750,26.16000,3840
2014.03.04,00:00,26.29000,26.60000,26.29000,26.57750,2925
2014.03.05,00:00,26.50500,26.64250,26.44750,26.53250,2109
2014.03.06,00:00,26.53500,26.55500,26.11000,26.22750,2184
2014.03.07,00:00,26.15500,26.33500,26.02000,26.15000,2430
2014.03.10,00:00,26.01000,26.41250,25.99500,26.22000,2919
2014.03.11,00:00,26.29750,26.38250,26.16000,26.30000,2350
2014.03.12,00:00,26.15500,26.19500,25.89500,25.97250,2597
2014.03.13,00:00,25.92000,26.06500,25.72750,25.79250,2875
2014.03.14,00:00,25.63750,25.82250,25.48750,25.69750,3476
2014.03.17,00:00,25.66250,26.04250,25.58750,25.75500,2911
2014.03.18,00:00,25.68750,26.08000,25.58250,25.86000,2696
2014.03.19,00:00,25.83000,25.96750,25.77000,25.91000,1829
2014.03.20,00:00,25.69750,25.81250,25.57250,25.78750,3626
2014.03.21,00:00,25.74750,25.99750,25.67750,25.99250,3383
2014.03.24,00:00,25.97250,26.00250,25.69250,25.81750,2809
2014.03.25,00:00,25.79500,26.11000,25.69500,26.04250,3068
2014.03.26,00:00,26.04500,26.37250,26.03500,26.20500,3655
2014.03.27,00:00,26.17500,26.44500,26.17500,26.31750,3351
2014.03.28,00:00,26.42750,26.60750,26.36750,26.51750,3196
2014.03.31,00:00,26.66500,26.77250,26.46250,26.46250,2746
2014.04.01,00:00,26.51500,26.67250,26.44750,26.59000,2520
2014.04.02,00:00,26.51500,26.60750,26.35500,26.51500,2327
2014.04.03,00:00,26.54500,26.70250,26.48750,26.68750,3167
2014.04.04,00:00,26.76250,26.91250,26.70750,26.82750,2124
2014.04.07,00:00,26.63750,26.83000,26.59000,26.75500,2353
2014.04.08,00:00,26.76250,26.84250,26.64250,26.68750,3301
2014.04.09,00:00,26.72750,26.82750,26.67500,26.74250,2003
2014.04.10,00:00,26.74500,26.85250,26.63500,26.70250,2658
2014.04.11,00:00,26.55750,26.68000,26.33250,26.43250,3321
2014.04.14,00:00,26.36750,26.76250,26.35750,26.75750,3493
2014.04.15,00:00,26.77000,27.09250,26.72500,27.01250,3278
2014.04.16,00:00,27.06000,27.14000,26.86250,27.09000,3194
2014.04.17,00:00,27.09250,27.19250,26.90000,27.19250,2375
2014.04.22,00:00,27.14750,27.41250,27.08500,27.28250,2603
2014.04.23,00:00,27.26250,27.35750,27.17750,27.20500,2107
2014.04.24,00:00,27.40750,27.45000,27.19750,27.34000,3041
2014.04.25,00:00,27.27500,27.37250,27.17250,27.20250,2937
2014.04.28,00:00,27.25000,27.38750,27.15750,27.36250,2742
2014.04.29,00:00,27.31750,27.65750,27.26250,27.65750,3153
2014.04.30,00:00,28.47250,28.93250,28.43250,28.50500,6302
2014.05.02,00:00,28.33000,28.63250,28.27500,28.57750,3902
2014.05.05,00:00,28.48250,28.63750,28.33750,28.60250,3095
2014.05.06,00:00,28.60500,28.64750,28.39250,28.54000,3328
2014.05.07,00:00,28.56250,28.80250,28.46000,28.71750,3352
2014.05.08,00:00,28.74500,29.12250,28.70750,29.02000,3387
2014.05.09,00:00,29.05250,29.05250,28.88750,28.96750,2920
2014.05.12,00:00,28.99750,29.15250,28.88250,28.96750,2526
2014.05.13,00:00,29.05750,29.13750,28.89250,29.06500,2729
2014.05.14,00:00,28.91000,28.91250,28.53500,28.68000,2367
2014.05.15,00:00,28.73750,28.94250,28.66750,28.67750,2666
2014.05.16,00:00,28.86750,28.91750,28.67250,28.77500,2821
2014.05.19,00:00,28.87250,28.97250,28.65750,28.91250,3186
2014.05.20,00:00,28.92500,28.95750,28.64500,28.82750,2695
2014.05.21,00:00,28.84750,29.05250,28.79750,28.95750,2308
2014.05.22,00:00,29.53500,29.65250,29.08750,29.20000,4158
2014.05.23,00:00,29.29500,29.29500,29.02750,29.06750,2232
2014.05.26,00:00,29.10250,29.13750,28.98250,29.02000,1172
2014.05.27,00:00,29.03750,29.07250,28.91250,28.91250,1799
2014.05.28,00:00,28.82750,29.06750,28.74750,28.76250,2125
2014.05.29,00:00,28.86250,29.09250,28.76750,28.92750,2008
2014.05.30,00:00,28.86250,29.03750,28.76750,28.80500,1966
2014.06.02,00:00,28.90750,29.03750,28.84000,29.01250,1834
2014.06.03,00:00,29.02500,29.16500,28.97500,29.08750,1686
2014.06.04,00:00,29.04500,29.04500,28.70750,28.77750,2299
2014.06.05,00:00,28.75750,29.07000,28.58750,28.97000,3002
2014.06.06,00:00,28.86250,29.10250,28.84500,29.02750,2368
2014.06.09,00:00,29.05750,29.26750,29.01000,29.17750,1139
2014.06.10,00:00,29.13750,29.26250,29.00500,29.26250,1823
2014.06.11,00:00,29.24250,29.30750,29.01250,29.19000,1933
2014.06.12,00:00,29.19250,29.50250,29.16750,29.50250,1963
2014.06.13,00:00,29.60750,29.94750,29.60750,29.74750,2506
2014.06.16,00:00,29.72250,29.92250,29.67750,29.82250,1908
2014.06.17,00:00,29.82000,29.86750,29.58750,29.67000,2445
2014.06.18,00:00,29.70500,30.16750,29.70500,30.02750,2546
2014.06.19,00:00,30.14500,30.35000,30.10250,30.18750,2114
2014.06.20,00:00,30.12500,30.41250,30.06250,30.40750,2513
2014.06.23,00:00,30.25000,30.47250,30.25000,30.42750,2295
2014.06.24,00:00,30.46500,30.61750,30.18750,30.39750,2434
2014.06.25,00:00,30.14750,30.20750,29.86250,29.90250,2644
2014.06.26,00:00,29.80000,30.09250,29.79250,30.04000,2462
2014.06.27,00:00,30.10500,30.26750,30.00500,30.15250,2200
2014.06.30,00:00,30.12250,30.32250,30.00750,30.11250,2358
2014.07.01,00:00,30.16250,30.34000,30.06500,30.32250,2085
2014.07.02,00:00,30.28500,30.53750,30.23000,30.52250,1700
2014.07.03,00:00,30.51250,30.65250,30.25750,30.26250,2401
2014.07.04,00:00,30.22250,30.54250,30.18250,30.47000,1630
2014.07.07,00:00,30.46000,30.51750,30.11750,30.16250,2093
2014.07.08,00:00,30.17000,30.34250,30.03750,30.10000,2700
2014.07.09,00:00,30.11500,30.16250,29.86500,30.05750,2493
2014.07.10,00:00,30.00000,30.12000,29.70750,29.83500,3721
2014.07.14,00:00,30.03750,30.26250,29.96000,30.17250,2140
2014.07.15,00:00,30.04500,30.43250,30.03750,30.22750,2955
2014.07.16,00:00,30.29750,30.60250,30.27000,30.60250,2083
2014.07.17,00:00,30.62750,30.80000,30.49500,30.53750,2508
2014.07.18,00:00,30.45000,30.54000,30.27750,30.41500,2850
2014.07.21,00:00,30.28000,30.37750,30.05500,30.26750,2213
2014.07.22,00:00,30.52500,30.71000,30.49750,30.63000,2334
2014.07.23,00:00,30.45750,30.69250,30.44000,30.66250,1909
2014.07.24,00:00,30.72250,30.72250,30.50250,30.68250,2162
2014.07.25,00:00,30.56500,30.67500,30.42250,30.42500,2075
2014.07.28,00:00,30.53000,30.53500,30.23750,30.33750,2218
2014.07.29,00:00,30.39750,30.58250,30.27250,30.52000,2332
2014.07.30,00:00,30.36500,30.45500,29.94250,29.98750,3104
2014.07.31,00:00,30.61250,31.08250,30.57750,30.71250,4714
2014.08.01,00:00,30.66500,30.83250,30.09000,30.15500,4614
2014.08.04,00:00,30.18000,30.41000,30.10500,30.28250,3884
2014.08.05,00:00,30.46250,30.77500,30.44250,30.63750,3047
2014.08.06,00:00,30.55750,30.59750,30.24750,30.55000,3694
2014.08.07,00:00,30.38500,30.43500,30.18500,30.28000,3921
2014.08.08,00:00,30.11250,30.12250,29.70750,29.74750,4084
2014.08.11,00:00,29.87500,30.12000,29.67750,30.09750,2689
2014.08.12,00:00,30.00250,30.01250,29.73000,29.79750,2868
2014.08.13,00:00,29.65250,29.76000,29.40000,29.49500,2624
2014.08.14,00:00,29.53000,29.77000,29.46750,29.71750,2551
2014.08.15,00:00,29.66500,29.92250,29.57000,29.66000,2923
2014.08.18,00:00,29.74750,30.04250,29.73750,30.00500,2178
2014.08.19,00:00,30.10750,30.36250,30.10750,30.36250,1839
2014.08.20,00:00,30.29500,30.42000,30.03250,30.09500,2121
2014.08.21,00:00,30.12250,30.18250,30.00750,30.06500,2341
2014.08.22,00:00,30.02500,30.04500,29.81000,29.96000,2295
2014.08.25,00:00,30.12000,30.15250,29.90500,30.07500,1170
2014.08.26,00:00,30.06250,30.39750,30.03750,30.39750,2119
2014.08.27,00:00,30.51500,30.54250,30.26750,30.48750,2121
2014.08.28,00:00,30.50500,30.72250,30.46750,30.68000,2805
2014.08.29,00:00,30.73500,30.77750,30.54500,30.65750,2087
2014.09.01,00:00,30.67750,30.99250,30.55250,30.96250,1980
2014.09.02,00:00,30.96000,30.97250,30.60500,30.62500,2089
2014.09.03,00:00,30.69250,30.76250,30.50750,30.70500,2612
2014.09.04,00:00,30.66500,31.09000,30.64750,30.90000,3179
2014.09.05,00:00,30.90750,30.94500,30.61000,30.81000,3446
2014.09.08,00:00,30.68000,30.78750,30.22250,30.35250,3063
2014.09.09,00:00,30.33750,30.37500,30.00750,30.03500,2616
2014.09.10,00:00,30.12750,30.34500,30.01250,30.18500,2858
2014.09.11,00:00,30.44500,30.44750,30.02750,30.19500,3032
2014.09.12,00:00,30.20750,30.22750,29.88500,29.91500,2063
2014.09.15,00:00,29.70750,29.92000,29.59250,29.86750,2380
2014.09.16,00:00,29.99250,30.16500,29.86500,30.15500,2779
2014.09.17,00:00,30.31250,30.37250,30.19000,30.19500,2260
2014.09.18,00:00,30.27000,30.56000,30.15250,30.39500,2601
2014.09.19,00:00,30.73000,30.75000,30.56500,30.68750,3231
2014.09.22,00:00,30.56250,30.71000,30.45500,30.52250,2399
2014.09.23,00:00,30.49500,30.51500,30.15500,30.26500,2912
2014.09.24,00:00,30.26750,30.44000,30.17000,30.31750,2442
2014.09.25,00:00,30.29500,30.36500,29.86000,29.92250,3021
2014.09.26,00:00,29.90500,30.07250,29.75750,30.01000,3364
2014.09.29,00:00,30.02000,30.22250,29.95250,30.19500,2841
2014.09.30,00:00,30.37000,30.45750,30.18750,30.30500,3140
2014.10.01,00:00,30.17250,30.17250,29.81000,29.98750,3110
2014.10.02,00:00,29.91500,29.95000,29.09000,29.09500,3716
2014.10.03,00:00,29.30000,29.49500,29.12250,29.23000,2604
2014.10.06,00:00,29.21500,29.33250,29.04000,29.11000,2875
2014.10.07,00:00,29.03500,29.14500,28.75500,29.04000,3102
2014.10.08,00:00,28.83000,29.05750,28.77750,28.86500,3011
2014.10.09,00:00,29.20750,29.22500,28.40500,28.52750,3908
2014.10.10,00:00,28.09000,28.19250,27.69500,27.92000,4374
2014.10.13,00:00,27.41500,28.00250,27.36250,27.73500,3925
2014.10.14,00:00,27.29250,27.53750,27.16000,27.37500,4241
2014.10.15,00:00,27.06750,27.07000,26.49250,26.53000,5605
2014.10.16,00:00,26.54500,26.63250,25.48750,25.88500,8161
2014.10.17,00:00,26.23500,27.13500,26.15000,27.09750,5680
2014.10.20,00:00,26.94500,27.02750,26.30250,26.53000,5469
2014.10.21,00:00,26.42250,27.35750,26.39250,27.34750,4681
2014.10.22,00:00,27.51000,27.72750,27.23750,27.68250,3982
2014.10.23,00:00,27.55250,28.04250,27.27750,27.96000,4261
2014.10.24,00:00,27.97500,28.08250,27.66000,27.84250,4309
2014.10.27,00:00,28.07250,28.09500,27.55250,27.70000,3595
2014.10.28,00:00,27.84500,27.92250,27.63250,27.78500,2432
2014.10.29,00:00,27.98000,28.23750,27.73250,28.17500,3402
2014.10.30,00:00,28.58000,28.68000,27.75750,28.18500,3849
2014.10.31,00:00,28.57000,28.59750,28.24250,28.36500,3719
2014.11.03,00:00,28.33250,28.60500,28.04000,28.05250,3206
2014.11.04,00:00,27.85000,27.86500,27.16000,27.23500,3548
2014.11.05,00:00,27.39000,27.70500,27.20250,27.61000,3374
2014.11.06,00:00,27.62500,28.09250,27.50000,27.79250,4079
2014.11.07,00:00,28.06250,28.55750,27.93750,28.44500,4275
2014.11.10,00:00,28.45750,28.70500,28.37500,28.46500,3000
2014.11.11,00:00,28.30500,28.33000,27.95750,28.24500,2808
2014.11.12,00:00,28.32000,28.42000,28.00500,28.10250,3563
2014.11.13,00:00,27.75750,27.83250,27.30000,27.42500,2734
2014.11.14,00:00,27.32000,27.73000,27.12500,27.53750,3023
2014.11.17,00:00,27.40250,27.71000,27.34250,27.67500,2602
2014.11.18,00:00,27.81750,28.10000,27.71750,27.88500,2521
2014.11.19,00:00,27.77500,27.89000,27.66750,27.80250,2255
2014.11.20,00:00,27.97500,28.30750,27.79250,28.24500,2955
2014.11.21,00:00,28.34000,28.96000,28.28750,28.95250,3378
2014.11.24,00:00,28.81000,28.97250,28.45750,28.57000,2803
2014.11.25,00:00,28.52000,28.58000,28.23250,28.23500,2572
2014.11.26,00:00,28.24500,28.61000,28.13500,28.56750,2428
2014.11.27,00:00,28.40750,28.47000,27.34000,27.34000,3496
2014.11.28,00:00,26.92000,26.95500,26.31000,26.84500,4991
2014.12.01,00:00,26.10250,26.89500,25.91750,26.69000,4918
2014.12.02,00:00,27.02750,27.89500,27.02750,27.75250,4789
2014.12.03,00:00,28.08750,28.13250,27.41250,27.77750,4734
2014.12.04,00:00,27.83500,27.86000,27.00000,27.10500,4538
2014.12.05,00:00,27.28750,27.38750,27.07000,27.20500,3549
2014.12.08,00:00,27.12750,27.21000,26.66750,26.67000,3213
2014.12.09,00:00,26.44500,26.65250,26.14500,26.40250,4808
2014.12.10,00:00,26.32750,26.39750,25.73750,25.76000,3934
2014.12.11,00:00,25.77250,26.12250,25.54000,26.02500,5079
2014.12.12,00:00,25.61500,25.71750,25.13250,25.18000,5670
2014.12.15,00:00,25.09000,25.83500,24.54250,24.56000,5696
2014.12.16,00:00,24.54000,25.67000,24.27250,25.67000,8191
2014.12.17,00:00,25.30250,26.63500,25.25000,26.62750,6098
2014.12.18,00:00,26.88250,27.01000,26.30750,26.83500,5929
2014.12.19,00:00,27.14750,27.76500,26.94750,27.65000,6265
2014.12.22,00:00,28.17750,28.55000,27.43250,27.64500,5156
2014.12.23,00:00,27.87750,28.05250,27.57250,27.93250,4811
2014.12.24,00:00,28.10000,28.21500,27.92000,27.99500,1359
2014.12.29,00:00,28.22750,28.26250,27.87000,28.07500,4136
2014.12.30,00:00,27.90750,27.93750,27.41750,27.60250,4345
2014.12.31,00:00,27.67500,27.73750,27.50250,27.57500,1515
2015.01.02,00:00,27.95000,28.05000,27.39750,27.67250,4462
2015.01.05,00:00,27.54500,27.65750,26.57500,26.57500,6173
2015.01.06,00:00,26.60000,27.11000,25.99250,26.57000,6594
2015.01.07,00:00,26.44250,27.21000,26.26250,26.80750,6040
2015.01.08,00:00,27.13750,27.56750,26.97250,27.54000,4645
2015.01.09,00:00,27.49250,27.54000,26.84750,26.92500,5193
2015.01.12,00:00,27.04500,27.04750,26.29000,26.68500,5270
2015.01.13,00:00,26.16500,26.96000,26.12250,26.73750,5138
2015.01.14,00:00,26.47750,26.58500,25.91000,25.99000,6577
2015.01.15,00:00,26.65250,27.22000,25.77750,26.97750,8123
2015.01.16,00:00,26.85250,27.66250,26.79000,27.63750,6607
2015.01.19,00:00,27.68250,27.75750,27.24000,27.67500,3657
2015.01.20,00:00,27.76500,28.22250,27.61000,27.74000,5774
2015.01.21,00:00,28.02000,28.40000,27.90250,28.19250,5792
2015.01.22,00:00,28.31500,29.01250,28.14250,28.69500,6542
2015.01.23,00:00,28.81500,29.12250,28.49000,29.04500,7235
2015.01.26,00:00,28.84250,29.56000,28.58000,29.46000,7363
2015.01.27,00:00,29.49500,29.50250,28.71500,29.22750,7726
2015.01.28,00:00,29.45500,29.46000,28.64750,28.68500,7518
2015.01.29,00:00,27.77750,27.99500,27.22500,27.38750,7222
2015.01.30,00:00,27.45000,27.63500,26.82250,26.86000,6780
2015.02.02,00:00,27.19500,27.71750,27.11500,27.37250,7280
2015.02.03,00:00,27.82750,28.81250,27.75500,28.79250,6752
2015.02.04,00:00,28.92000,28.95500,28.38250,28.71500,6480
2015.02.05,00:00,28.39500,29.25500,28.14000,29.16750,6330
2015.02.06,00:00,29.05500,29.31750,28.91500,29.12500,5434
2015.02.09,00:00,28.91250,29.49750,28.89250,29.44000,5808
2015.02.10,00:00,29.38250,29.40500,28.76750,28.88500,5514
2015.02.11,00:00,29.07000,29.10000,28.67250,28.88250,4858
2015.02.12,00:00,28.65000,28.90500,28.49250,28.50250,5094
2015.02.13,00:00,28.60000,29.06500,28.59750,29.02000,4779
2015.02.16,00:00,29.02500,29.05750,28.68500,28.78500,3382
2015.02.17,00:00,28.64500,29.16750,28.55500,28.90750,4675
2015.02.18,00:00,29.20000,29.27000,28.97750,29.25250,4287
2015.02.19,00:00,29.05000,29.05750,28.55500,28.65500,4668
2015.02.20,00:00,28.76000,28.96250,28.59750,28.84750,5314
2015.02.23,00:00,28.97500,28.98000,28.61250,28.70000,4096
2015.02.24,00:00,28.71000,29.12250,28.64750,29.03250,4478
2015.02.25,00:00,29.02250,29.03000,28.67750,28.91000,3469
2015.02.26,00:00,28.96000,29.05250,28.83000,28.86250,3581
2015.02.27,00:00,28.86500,29.28750,28.82000,29.28750,3730
2015.03.02,00:00,29.05000,29.10750,28.64250,28.69750,3610
2015.03.03,00:00,28.79500,28.79500,28.03250,28.20250,5922
2015.03.04,00:00,28.33000,28.52000,28.05750,28.16000,4489
2015.03.05,00:00,28.42250,28.52750,28.20500,28.23750,4218
2015.03.06,00:00,28.25750,28.36250,28.04750,28.26000,4394
2015.03.09,00:00,28.10250,28.37750,27.90500,28.37500,4322
2015.03.10,00:00,28.20500,28.22000,27.44500,27.44500,5410
2015.03.11,00:00,27.52750,27.73250,27.39250,27.45500,4847
2015.03.12,00:00,27.64000,28.20500,27.56250,27.66250,5346
2015.03.13,00:00,27.59500,27.59500,26.96500,27.01750,4641
2015.03.16,00:00,27.19250,27.34750,26.95750,27.13250,4226
2015.03.17,00:00,27.31500,27.65250,27.27750,27.51750,5478
2015.03.18,00:00,27.59500,27.96250,27.55250,27.90500,5274
2015.03.19,00:00,28.15250,28.36250,27.93750,28.30000,5577
2015.03.20,00:00,28.34000,28.59750,28.23000,28.58250,4973
2015.03.23,00:00,28.59000,28.85250,28.46000,28.69000,4239
2015.03.24,00:00,28.42250,28.70500,28.39250,28.40250,4112
2015.03.25,00:00,28.21000,28.68000,28.11750,28.51000,4086
2015.03.26,00:00,28.50500,28.73750,27.99000,28.14000,5928
2015.03.27,00:00,28.18500,28.18500,27.66250,27.75750,4192
2015.03.30,00:00,27.78500,28.30750,27.72000,28.15500,4026
2015.03.31,00:00,28.08000,28.33250,27.68000,27.85750,4183
2015.04.01,00:00,27.76000,28.23000,27.75250,28.02500,4702
2015.04.02,00:00,28.07000,28.15000,27.59500,27.61750,3321
2015.04.07,00:00,28.05250,28.77250,28.00750,28.63000,4276
2015.04.08,00:00,28.40250,28.56500,27.36000,27.37750,8445
2015.04.09,00:00,27.61250,27.75250,27.23750,27.72000,8104
2015.04.10,00:00,27.95000,28.05250,27.75750,28.03750,4573
2015.04.13,00:00,28.08750,28.43250,28.01250,28.34500,4580
2015.04.14,00:00,28.37500,28.57000,28.28000,28.38750,5165
2015.04.15,00:00,28.44000,29.03750,28.42000,28.95500,3862
2015.04.16,00:00,29.05000,29.42000,29.00500,29.32750,5323
2015.04.17,00:00,29.35500,29.41750,28.88500,28.94500,5482
2015.04.20,00:00,29.09250,29.46750,29.08750,29.39500,4014
2015.04.21,00:00,29.37000,29.44000,29.17000,29.20250,4611
2015.04.22,00:00,29.28000,29.29750,28.85250,29.01000,5051
2015.04.23,00:00,28.95250,29.30000,28.94000,29.10000,4942
2015.04.24,00:00,29.12750,29.23000,28.86250,28.91250,4676
2015.04.27,00:00,28.82750,29.20750,28.58250,29.06000,4383
2015.04.28,00:00,29.09250,29.21250,28.70000,28.75250,5074
2015.04.29,00:00,28.83000,28.99250,28.26000,28.52250,5507
2015.04.30,00:00,29.08250,29.08500,28.24500,28.31000,6774
2015.05.04,00:00,28.36500,28.81250,28.24250,28.69000,3391
2015.05.05,00:00,28.59000,28.89750,28.36500,28.48000,6409
2015.05.06,00:00,28.38750,28.46250,28.04750,28.10250,5921
2015.05.07,00:00,27.92500,27.95750,27.37750,27.67500,7395
2015.05.08,00:00,27.86250,28.54500,27.81500,28.51500,6924
2015.05.11,00:00,28.60750,28.93750,28.59250,28.77750,5171
2015.05.12,00:00,28.60750,28.61250,28.21750,28.46500,5717
2015.05.13,00:00,28.59250,28.71000,28.18500,28.31500,4992
2015.05.14,00:00,27.92250,28.14000,27.74000,27.99250,4062
2015.05.15,00:00,27.94500,27.98750,27.55000,27.62000,4555
2015.05.18,00:00,27.66000,27.81750,27.32000,27.43500,4307
2015.05.19,00:00,27.68250,27.79250,27.47250,27.50250,4528
2015.05.20,00:00,27.52000,27.76250,27.40000,27.73500,3789
2015.05.21,00:00,27.66250,28.12250,27.66250,28.08000,3806
2015.05.22,00:00,28.02000,28.13000,27.74750,27.76000,3592
2015.05.25,00:00,27.78000,27.79750,27.55500,27.59000,856
2015.05.26,00:00,27.69250,27.73500,27.24250,27.29750,4402
2015.05.27,00:00,27.40000,27.75000,27.40000,27.63000,4780
2015.05.28,00:00,27.58750,27.63750,27.29000,27.38750,4064
2015.05.29,00:00,27.45250,27.56250,27.24000,27.27500,5032
2015.06.01,00:00,27.32500,27.40750,26.79500,26.79500,5202
2015.06.02,00:00,26.91500,26.92250,26.52750,26.78000,6034
2015.06.03,00:00,26.66000,26.82250,26.52000,26.56500,4981
2015.06.04,00:00,26.31750,26.32750,25.97750,26.05000,5332
2015.06.05,00:00,25.93500,26.47000,25.82000,26.23250,7281
2015.06.08,00:00,26.32000,26.32250,25.88000,26.02000,5136
2015.06.09,00:00,25.80750,25.93000,25.59000,25.70500,5657
2015.06.10,00:00,25.79000,26.21000,25.75750,26.14500,5073
2015.06.11,00:00,26.15250,26.45500,26.12750,26.20500,4940
2015.06.12,00:00,26.16250,26.26500,25.67750,25.78000,5109
2015.06.15,00:00,25.69500,25.86250,25.45250,25.76000,4744
2015.06.16,00:00,25.56250,25.81500,25.41000,25.77000,4368
2015.06.17,00:00,25.84750,25.99000,25.65000,25.87500,4136
2015.06.18,00:00,25.71250,25.75250,25.53750,25.65750,4530
2015.06.19,00:00,25.71500,26.11250,25.64750,25.90000,4362
2015.06.22,00:00,26.13500,26.25000,26.00750,26.10250,5275
2015.06.23,00:00,26.25250,26.36250,26.15750,26.26500,4245
2015.06.24,00:00,26.52500,26.79750,26.49500,26.74750,4574
2015.06.25,00:00,26.61750,26.97250,26.53000,26.57500,5327
2015.06.26,00:00,26.46750,26.47250,26.17750,26.40500,4286
2015.06.29,00:00,25.76500,26.02250,25.71000,25.83000,5646
2015.06.30,00:00,25.60750,25.64750,25.37750,25.48000,6172
2015.07.01,00:00,25.59750,25.77000,25.45000,25.51000,5390
2015.07.02,00:00,25.48750,25.81500,25.44500,25.68500,3730
2015.07.03,00:00,25.73250,25.73250,25.34000,25.53000,2800
2015.07.06,00:00,25.25500,25.46750,25.18250,25.29500,3910
2015.07.07,00:00,25.29750,25.29750,24.80500,24.85750,4343
2015.07.08,00:00,24.99250,25.31250,24.72500,25.04500,4786
2015.07.09,00:00,25.00250,25.38000,24.97250,25.19250,3927
2015.07.10,00:00,25.51250,25.60250,25.20250,25.37750,5277
2015.07.13,00:00,25.64250,25.73750,25.42750,25.61750,3813
2015.07.14,00:00,25.55250,26.07250,25.44250,26.05000,3501
2015.07.15,00:00,26.18750,26.24250,25.92000,26.04250,3190
2015.07.16,00:00,26.15750,26.35750,26.00500,26.34500,3126
2015.07.17,00:00,26.31250,26.35000,26.09250,26.11000,2738
2015.07.20,00:00,26.32750,26.42250,26.01750,26.17250,2859
2015.07.21,00:00,26.14500,26.30750,26.05750,26.14500,2816
2015.07.22,00:00,25.91750,26.00500,25.62250,25.70750,3331
2015.07.23,00:00,25.66500,25.66500,25.29500,25.31500,3184
2015.07.24,00:00,25.31250,25.45000,24.84750,24.91250,2811
2015.07.27,00:00,24.79000,24.86750,24.31000,24.46000,3824
2015.07.28,00:00,24.46250,24.78500,24.33750,24.58250,3226
2015.07.29,00:00,24.80000,25.07500,24.56250,25.07500,3330
2015.07.30,00:00,25.80750,26.51250,25.64750,26.32750,4912
2015.07.31,00:00,26.34500,26.41500,25.99250,26.10500,4361
2015.08.03,00:00,26.29500,26.34750,25.99500,26.20000,3637
2015.08.04,00:00,26.00000,26.27000,25.86250,26.10750,3544
2015.08.05,00:00,26.33500,26.87000,26.20500,26.79000,3893
2015.08.06,00:00,26.53000,26.73000,26.38000,26.71000,3769
2015.08.07,00:00,26.66000,27.11250,26.63500,26.79750,4012
2015.08.10,00:00,26.76250,26.76500,26.18750,26.64500,4206
2015.08.11,00:00,26.62500,26.84750,26.42250,26.44500,4395
2015.08.12,00:00,26.42000,26.46250,26.00500,26.22250,5336
2015.08.13,00:00,26.49500,26.54000,25.61500,25.64250,4533
2015.08.14,00:00,25.46750,25.64500,25.26250,25.41500,3952
2015.08.17,00:00,25.53750,25.58250,25.14000,25.46250,3241
2015.08.18,00:00,25.34750,25.37250,25.05750,25.22500,3490
2015.08.19,00:00,25.06250,25.10500,24.51250,24.60000,4130
2015.08.20,00:00,24.41000,24.70500,24.20250,24.44000,5722
2015.08.21,00:00,24.06000,24.34250,23.39250,23.45500,6740
2015.08.24,00:00,22.53000,22.73750,20.88750,21.56000,11309
2015.08.25,00:00,22.17000,22.74750,21.88000,22.50000,9874
2015.08.26,00:00,21.87750,22.51500,21.55000,21.64750,10602
2015.08.27,00:00,22.26000,22.96500,21.92250,22.92250,8040
2015.08.28,00:00,23.09000,23.50500,22.73750,23.27000,8805
2015.08.31,00:00,23.19750,23.30500,22.82750,23.19500,4031
2015.09.01,00:00,23.45000,23.64000,22.34500,22.58000,10630
2015.09.02,00:00,22.37000,22.84500,21.94500,22.44250,8660
2015.09.03,00:00,22.78750,23.20000,22.55750,22.98000,7660
2015.09.04,00:00,22.82000,22.86000,22.01500,22.20000,8360
2015.09.07,00:00,22.36000,22.64250,22.13000,22.13000,5578
2015.09.08,00:00,22.31500,22.79500,22.31500,22.60250,6618
2015.09.09,00:00,23.00500,23.14000,22.74000,22.77250,5766
2015.09.10,00:00,22.48250,22.76250,22.13500,22.28000,7475
2015.09.11,00:00,22.39750,22.42250,21.97750,22.01000,6055
2015.09.14,00:00,22.06000,22.36250,21.79500,22.08250,5221
2015.09.15,00:00,22.05500,22.40250,21.73000,22.33750,5638
2015.09.16,00:00,22.34500,22.92000,22.31000,22.90750,4810
2015.09.17,00:00,22.93000,23.00000,22.58250,22.72000,5211
2015.09.18,00:00,22.39000,22.49250,21.72750,21.91750,5990
2015.09.21,00:00,21.74500,22.15750,21.73250,22.03750,5361
2015.09.22,00:00,22.00750,22.05250,21.24750,21.36000,6224
2015.09.23,00:00,21.41750,21.89750,21.33000,21.51250,5749
2015.09.24,00:00,21.24000,21.28500,20.65250,20.73250,6448
2015.09.25,00:00,21.22000,21.42250,21.05250,21.09750,5058
2015.09.28,00:00,21.12500,21.35000,20.57000,20.64000,5326
2015.09.29,00:00,20.34500,21.10000,20.26250,20.89000,6300
2015.09.30,00:00,21.01250,21.20500,20.93750,21.07000,5550
2015.10.01,00:00,21.46000,22.07750,21.43000,21.51250,5892
2015.10.02,00:00,21.69750,22.32250,21.48500,21.83250,6050
2015.10.05,00:00,22.37750,22.92000,22.23250,22.87750,4724
2015.10.06,00:00,22.88500,23.76750,22.58750,23.75000,5119
2015.10.07,00:00,23.93750,24.71500,23.87000,24.31000,7128
2015.10.08,00:00,24.26250,24.60750,24.04250,24.44750,5870
2015.10.09,00:00,24.90250,24.95500,24.30000,24.36000,5499
2015.10.12,00:00,24.35500,24.62000,24.08500,24.17250,6637
2015.10.13,00:00,24.06500,24.07000,23.43500,23.87000,6894
2015.10.14,00:00,23.67000,24.24750,23.49500,23.97750,7325
2015.10.15,00:00,24.15750,24.37250,23.88250,24.12000,5750
2015.10.16,00:00,24.48250,24.87000,24.43500,24.59000,6075
2015.10.19,00:00,24.63250,24.76500,24.19750,24.23750,4566
2015.10.20,00:00,24.22500,24.24000,23.79250,24.14500,3781
2015.10.21,00:00,24.24250,24.61000,24.00750,24.48250,4863
2015.10.22,00:00,24.20000,24.77250,24.19250,24.74250,5419
2015.10.23,00:00,24.96500,25.06500,24.44500,24.48500,5556
2015.10.26,00:00,24.60000,24.71500,24.21250,24.24500,5173
2015.10.27,00:00,24.19500,24.19500,23.49500,23.79500,5607
2015.10.28,00:00,23.73500,24.31250,23.61500,24.10000,5118
2015.10.29,00:00,24.03000,24.09750,23.56250,23.83000,6428
2015.10.30,00:00,24.04500,24.08000,23.54000,23.84000,5245
2015.11.02,00:00,23.61750,24.06500,23.59250,24.03500,4489
2015.11.03,00:00,24.23500,24.81500,24.13750,24.81250,4757
2015.11.04,00:00,25.06000,25.48750,24.97000,25.01750,5660
2015.11.05,00:00,24.89500,24.92250,24.13000,24.23750,6758
2015.11.06,00:00,24.22250,24.32750,23.95750,24.12000,5585
2015.11.09,00:00,24.16750,24.53250,24.04000,24.04250,5077
2015.11.10,00:00,24.14000,24.20000,23.84750,23.97750,4927
2015.11.11,00:00,23.99750,24.04750,23.62250,23.62250,4961
2015.11.12,00:00,23.05500,23.29500,22.65250,22.65250,5170
2015.11.13,00:00,22.50750,22.81750,22.20750,22.42500,6638
2015.11.16,00:00,22.34250,23.04750,22.34250,22.53750,5723
2015.11.17,00:00,23.09250,23.42750,22.99000,23.32750,5942
2015.11.18,00:00,23.16500,23.73000,23.03500,23.62750,5565
2015.11.19,00:00,23.84750,24.19750,23.70500,23.84000,5329
2015.11.20,00:00,23.85500,23.85500,23.39750,23.49500,5026
2015.11.23,00:00,23.19000,23.71250,22.99500,23.35500,5262
2015.11.24,00:00,23.11750,23.47750,22.95500,23.47750,6331
2015.11.25,00:00,23.53500,23.86750,23.37500,23.62500,5285
2015.11.26,00:00,23.63250,24.04250,23.58500,23.99500,3517
2015.11.27,00:00,23.76000,23.91000,23.60750,23.67500,3902
2015.11.30,00:00,23.55000,23.83500,23.37000,23.68250,4464
2015.12.01,00:00,23.75500,23.77000,23.41250,23.50500,4419
2015.12.02,00:00,23.53750,23.98000,23.39750,23.64500,4577
2015.12.03,00:00,23.58750,23.86000,22.68250,22.69500,8238
2015.12.04,00:00,22.65250,23.15750,21.95500,22.21250,8283
2015.12.07,00:00,22.10500,22.13000,21.22750,21.22750,6625
2015.12.08,00:00,21.11500,21.34750,20.60250,21.14750,8343
2015.12.09,00:00,21.10250,21.80500,20.61250,21.51000,8389
2015.12.10,00:00,21.39500,21.56500,21.10750,21.36000,8090
2015.12.11,00:00,21.12250,21.18500,20.25500,20.40250,8590
2015.12.14,00:00,20.48000,20.50250,19.55000,19.62000,8603
2015.12.15,00:00,19.93750,20.52000,19.89000,20.36500,6913
2015.12.16,00:00,20.44750,20.58250,20.15750,20.19250,7371
2015.12.17,00:00,20.58500,20.60000,20.03500,20.11000,6143
2015.12.18,00:00,20.00500,20.49250,19.99500,20.26500,7387
2015.12.21,00:00,20.26000,20.34750,19.90000,19.90000,6155
2015.12.22,00:00,20.00250,20.32500,19.93250,20.27250,5746
2015.12.23,00:00,20.52750,21.42000,20.52750,21.36750,5216
2015.12.24,00:00,21.50000,21.53000,21.30750,21.41000,1324
2015.12.28,00:00,21.38750,21.39250,20.68000,20.82500,2593
2015.12.29,00:00,21.12000,21.38250,20.98500,21.25000,5035
2015.12.30,00:00,21.24000,21.34750,21.08500,21.15500,4121
2015.12.31,00:00,21.05750,21.10750,20.89750,21.09250,1455
2016.01.04,00:00,21.05500,21.17000,20.36000,20.78500,7673
2016.01.05,00:00,21.35000,21.35000,20.78000,20.93500,6304
2016.01.06,00:00,20.96250,21.02000,20.29750,20.52500,6165
2016.01.07,00:00,19.78250,19.92000,19.08750,19.68250,9534
2016.01.08,00:00,19.65000,19.73500,18.54500,18.60000,9513
2016.01.11,00:00,18.43250,18.83000,18.22000,18.31500,9047
2016.01.12,00:00,18.17250,18.74750,18.05500,18.16750,7658
2016.01.13,00:00,18.35750,18.86250,17.98750,18.13250,7921
2016.01.14,00:00,18.00250,18.87000,17.69250,18.66500,9326
2016.01.15,00:00,18.55500,18.65250,17.72750,17.76750,9366
2016.01.18,00:00,17.84750,18.21250,17.68500,17.74500,8155
2016.01.19,00:00,18.10000,18.35500,17.78250,17.80500,8735
2016.01.20,00:00,17.31250,17.31250,16.59000,16.61250,8665
2016.01.21,00:00,16.69000,17.44500,16.50000,17.36750,10190
2016.01.22,00:00,18.21000,18.74250,17.98250,18.46750,7974
2016.01.25,00:00,18.67000,18.67000,18.12000,18.45750,9580
2016.01.26,00:00,17.99250,18.99750,17.76250,18.96500,9630
2016.01.27,00:00,18.71250,19.21250,18.36250,19.19500,9643
2016.01.28,00:00,19.43500,20.41750,19.32000,19.80750,11837
2016.01.29,00:00,20.14500,20.21250,19.35000,19.86250,9771
2016.02.01,00:00,20.17250,20.17500,19.45000,19.81500,9896
2016.02.02,00:00,19.58750,19.64000,18.73250,18.99750,9395
2016.02.03,00:00,19.08500,19.37750,18.61250,19.11000,9675
2016.02.04,00:00,19.73250,20.24500,19.49500,20.02500,9689
2016.02.05,00:00,19.82000,20.41750,19.81750,20.08250,10173
2016.02.08,00:00,20.32000,20.32750,19.43750,19.69250,10478
2016.02.09,00:00,19.95500,20.09750,18.85500,18.95750,10509
2016.02.10,00:00,18.90750,19.32000,18.67250,19.00500,10072
2016.02.11,00:00,18.65500,18.75250,18.02000,18.58000,10584
2016.02.12,00:00,19.04000,19.64500,18.93500,19.64000,9689
2016.02.15,00:00,19.97500,20.25250,19.72250,20.13750,5862
2016.02.16,00:00,20.51750,20.94750,19.93750,20.09250,9139
2016.02.17,00:00,20.15750,21.06500,19.99000,21.02750,7546
2016.02.18,00:00,20.89500,21.06000,20.53250,20.54750,8157
2016.02.19,00:00,20.52000,20.72250,19.99250,20.14000,7820
2016.02.22,00:00,20.43750,21.01250,20.31750,20.87000,5625
2016.02.23,00:00,20.58000,20.75500,20.20750,20.24250,7100
2016.02.24,00:00,19.85500,19.91750,19.41750,19.58750,7827
2016.02.25,00:00,20.08250,20.54500,19.83250,20.08000,6380
2016.02.26,00:00,20.39750,20.97250,20.39750,20.94500,6967
2016.02.29,00:00,20.62750,21.18000,20.58000,21.17250,6401
2016.03.01,00:00,21.00500,21.32750,21.00500,21.18750,6666
2016.03.02,00:00,21.38500,21.53750,20.82750,21.53250,6105
2016.03.03,00:00,21.52000,21.63750,21.25750,21.55750,5890
2016.03.04,00:00,21.68750,21.76500,21.39750,21.73500,7149
2016.03.07,00:00,21.57750,21.90750,21.16000,21.66500,6927
2016.03.08,00:00,21.73500,21.80000,21.12000,21.32500,7020
2016.03.09,00:00,21.40250,21.86750,21.32000,21.86750,6990
2016.03.10,00:00,21.83750,22.12000,21.07000,21.11000,9119
2016.03.11,00:00,21.53000,21.67000,21.35750,21.50500,6820
2016.03.14,00:00,21.56250,21.83750,21.29000,21.53500,6395
2016.03.15,00:00,21.30250,21.36750,20.96500,21.18750,4523
2016.03.16,00:00,21.39500,21.83750,21.34000,21.77250,5400
2016.03.17,00:00,21.96250,22.22000,21.66500,22.12500,6525
2016.03.18,00:00,22.22500,22.26250,21.86250,21.94250,5712
2016.03.21,00:00,21.57500,21.87250,21.51000,21.74250,5260
2016.03.22,00:00,21.69750,21.76750,21.28000,21.59250,6506
2016.03.23,00:00,21.60500,21.73500,21.30750,21.39750,5467
2016.03.24,00:00,21.27750,21.41000,20.93250,21.28000,4583
2016.03.29,00:00,21.49500,21.57000,20.97000,21.03250,4313
2016.03.30,00:00,21.32500,21.99750,21.32500,21.76000,5412
2016.03.31,00:00,21.41250,21.53250,21.28000,21.35750,4278
2016.04.01,00:00,21.01500,21.08750,20.47750,20.79000,5642
2016.04.04,00:00,20.78750,21.21750,20.66000,21.08000,5441
2016.04.05,00:00,20.63500,20.69250,20.30750,20.50000,4923
2016.04.06,00:00,20.69500,20.92000,20.42250,20.67250,5821
2016.04.07,00:00,20.80750,20.93500,20.66000,20.69750,5619
2016.04.08,00:00,20.92250,21.56250,20.91000,21.53750,5178
2016.04.11,00:00,21.45750,21.79750,21.25750,21.78500,4627
2016.04.12,00:00,21.82250,22.18250,21.68500,22.14250,6684
2016.04.13,00:00,22.37000,22.76750,22.28500,22.72750,5330
2016.04.14,00:00,22.68750,22.98250,22.51750,22.94500,5693
2016.04.15,00:00,22.94750,23.10500,22.75250,22.93000,6031
2016.04.18,00:00,22.12000,22.84250,21.97750,22.80500,5496
2016.04.19,00:00,22.93750,23.21000,22.54250,22.95750,6267
2016.04.20,00:00,22.81500,23.22000,22.67000,23.21000,5511
2016.04.21,00:00,23.35000,23.47250,23.11500,23.44500,7216
2016.04.22,00:00,23.33500,23.43750,23.00000,23.35750,5071
2016.04.25,00:00,23.42250,23.42750,22.76000,22.81500,6294
2016.04.26,00:00,22.97500,23.11750,22.78250,22.97500,6029
2016.04.27,00:00,23.01000,23.55500,22.98500,23.40500,5289
2016.04.28,00:00,23.25000,23.67250,23.21000,23.62750,5950
2016.04.29,00:00,23.30750,23.40750,22.95250,23.03500,5318
2016.05.02,00:00,23.00500,23.12750,22.79500,22.94000,3746
2016.05.03,00:00,22.84500,22.85500,22.20500,22.37000,5683
2016.05.04,00:00,22.71000,22.71000,21.67250,21.68250,6164
2016.05.05,00:00,21.94000,22.35000,21.79500,22.14750,6001
2016.05.06,00:00,21.88500,22.26750,21.61000,22.26500,5100
2016.05.09,00:00,22.29250,22.40750,21.65250,21.69250,5562
2016.05.10,00:00,21.84500,22.10750,21.75000,22.06250,6175
2016.05.11,00:00,21.98750,22.22750,21.68500,22.19250,5091
2016.05.12,00:00,21.99000,22.70750,21.92500,22.07750,5027
2016.05.13,00:00,21.94250,22.15000,21.81750,22.09000,6481
2016.05.16,00:00,22.08500,22.48000,21.96500,22.35750,4251
2016.05.17,00:00,22.52000,22.79000,22.27750,22.58750,5503
2016.05.18,00:00,22.43750,22.65250,22.31000,22.58250,5750
2016.05.19,00:00,22.16000,22.16000,21.59750,21.74750,6707
2016.05.20,00:00,22.02250,22.07000,21.75750,21.98000,5228
2016.05.23,00:00,21.90000,21.90000,21.58500,21.73750,1422
2016.05.24,00:00,21.61750,22.04750,21.58750,22.03500,4456
2016.05.25,00:00,22.09500,22.53750,22.04750,22.46000,4793
2016.05.26,00:00,22.60000,22.75750,22.19000,22.31500,4702
2016.05.27,00:00,22.27500,22.42000,22.08250,22.12500,4165
2016.05.30,00:00,22.27750,22.32000,22.18750,22.28750,1536
2016.05.31,00:00,22.24250,22.32750,21.94750,21.98000,4335
2016.06.01,00:00,21.74500,21.82000,21.45750,21.71000,4045
2016.06.02,00:00,21.76500,22.00000,21.56000,21.77500,4943
2016.06.03,00:00,21.67500,21.68250,21.64000,21.64250,162
2016.06.06,00:00,21.69500,22.03750,21.67250,22.01000,3921
2016.06.07,00:00,22.19750,22.73750,22.14500,22.73250,4599
2016.06.08,00:00,22.74250,23.33250,22.71500,23.19500,4269
2016.06.09,00:00,23.15250,23.29750,22.74250,23.01500,4615
2016.06.10,00:00,22.86750,22.98750,22.73750,22.83000,4942
2016.06.13,00:00,22.58500,22.73750,22.35250,22.61250,5017
2016.06.14,00:00,22.17250,22.37500,21.90500,21.91500,5816
2016.06.15,00:00,22.00750,22.03500,21.69000,22.01250,5556
2016.06.16,00:00,21.59750,21.97000,21.51750,21.97000,4830
2016.06.17,00:00,22.24000,22.67750,22.16750,22.61750,6204
2016.06.20,00:00,23.09500,23.58750,23.08000,23.45500,5560
2016.06.21,00:00,23.20250,23.85000,23.18000,23.78750,5175
2016.06.22,00:00,23.89250,23.96750,23.56750,23.81750,5582
2016.06.23,00:00,23.88500,24.30000,23.78000,24.15000,7875
2016.06.24,00:00,21.83000,23.92000,21.82500,23.24500,15263
2016.06.27,00:00,22.96250,23.45750,22.82250,23.10250,9375
2016.06.28,00:00,23.28000,23.53500,23.08000,23.40250,6375
2016.06.29,00:00,23.62500,24.44000,23.61750,24.39000,6279
2016.06.30,00:00,24.45500,24.74500,24.19000,24.47000,7588
2016.07.01,00:00,24.70250,24.94000,24.58500,24.79750,6198
2016.07.04,00:00,24.86000,25.12250,24.50250,24.58500,4171
2016.07.05,00:00,24.55000,24.89000,24.26000,24.79500,7126
2016.07.06,00:00,24.59000,24.87250,24.03000,24.37750,8825
2016.07.07,00:00,24.60500,24.81750,24.51750,24.55250,4870
2016.07.08,00:00,24.33250,24.76000,24.03000,24.74750,7212
2016.07.11,00:00,24.75500,24.85750,24.38750,24.78750,5314
2016.07.12,00:00,24.88250,25.21500,24.73250,25.17250,5223
2016.07.13,00:00,25.19750,25.37000,24.83750,24.88750,5356
2016.07.14,00:00,25.14500,25.35500,24.97500,25.06500,6493
2016.07.15,00:00,24.84250,25.00750,24.75750,24.90000,4263
2016.07.18,00:00,24.93000,25.05000,24.73000,24.95500,3183
2016.07.19,00:00,24.81500,25.14500,24.79000,25.05000,3214
2016.07.20,00:00,25.06500,25.14000,24.67000,24.99000,2969
2016.07.21,00:00,24.99500,25.21500,24.75000,25.18000,3155
2016.07.22,00:00,24.86000,25.05000,24.75000,24.99000,3055
2016.07.25,00:00,24.95500,25.10000,24.32500,24.40500,3197
2016.07.26,00:00,24.18500,24.64500,24.02500,24.62500,3751
2016.07.27,00:00,24.51000,24.83500,24.37000,24.38000,3344
2016.07.28,00:00,23.63500,23.81500,23.38500,23.58500,4951
2016.07.29,00:00,23.32500,23.43500,22.79000,23.14000,4086
2016.08.01,00:00,23.22000,23.23000,22.42000,22.44500,3951
2016.08.02,00:00,22.22000,22.29000,21.84500,22.05500,3951
2016.08.03,00:00,22.05000,22.21000,21.84500,21.98000,3807
2016.08.04,00:00,22.30500,22.67000,22.20000,22.43500,3630
2016.08.05,00:00,22.54500,22.69000,22.35500,22.58500,3201
2016.08.08,00:00,22.60000,22.71000,22.40000,22.68000,2448
2016.08.09,00:00,22.61000,22.72000,22.55500,22.59000,2094
2016.08.10,00:00,22.41000,22.48000,22.28500,22.38500,2600
2016.08.11,00:00,22.06000,22.45500,21.69500,22.45500,2516
2016.08.12,00:00,22.70000,22.79500,22.29500,22.40500,2454
2016.08.15,00:00,22.36000,22.66000,22.29500,22.40500,1971
2016.08.16,00:00,22.20000,22.61500,22.15000,22.48500,2601
2016.08.17,00:00,22.49500,22.55500,22.27000,22.43000,2800
2016.08.18,00:00,22.51500,22.54000,22.31000,22.49000,2189
2016.08.19,00:00,22.51000,22.59000,22.28000,22.37000,2537
2016.08.22,00:00,22.21000,22.43000,22.01000,22.08500,2903
2016.08.23,00:00,22.15000,22.24500,22.04000,22.17500,2550
2016.08.24,00:00,22.00000,22.28500,21.91500,22.07000,2510
2016.08.25,00:00,22.05500,22.08500,21.89000,21.98000,2637
2016.08.26,00:00,22.03500,22.40000,21.98000,22.31000,2809
2016.08.29,00:00,22.13000,22.26000,22.05000,22.22500,1218
2016.08.30,00:00,22.16500,22.49000,22.12500,22.40000,2453
2016.08.31,00:00,22.30000,22.40500,21.90000,21.92000,3231
2016.09.01,00:00,21.98000,22.09000,21.61000,21.63500,3702
2016.09.02,00:00,21.72500,22.37000,21.62000,22.37000,4448
2016.09.05,00:00,22.29500,22.90000,22.25000,22.67500,4463
2016.09.06,00:00,22.75000,22.77000,22.20500,22.25000,3409
2016.09.07,00:00,22.37000,22.64000,22.37000,22.57500,3088
2016.09.08,00:00,22.62500,22.75000,22.41000,22.71000,3874
2016.09.09,00:00,22.59000,22.70000,22.17500,22.19500,3461
2016.09.12,00:00,21.91500,22.05500,21.75000,22.00000,4397
2016.09.13,00:00,22.08500,22.09000,21.43500,21.52000,3738
2016.09.14,00:00,21.55000,21.71000,21.24500,21.35000,4449
2016.09.15,00:00,21.21500,21.33500,21.10000,21.32000,4080
2016.09.16,00:00,21.38500,21.45000,21.05500,21.12500,4259
2016.09.19,00:00,21.32500,21.62000,21.32500,21.41000,3118
2016.09.20,00:00,21.21000,21.40000,21.13500,21.26000,2972
2016.09.21,00:00,21.37000,21.44000,21.24000,21.26500,2547
2016.09.22,00:00,21.56500,21.87000,21.50000,21.63500,2535
2016.09.23,00:00,21.46000,21.75500,21.45500,21.52000,2670
2016.09.26,00:00,21.25500,21.31000,21.09000,21.21000,2699
2016.09.27,00:00,21.36000,21.36000,20.78000,20.83500,2921
2016.09.28,00:00,21.04000,21.18500,20.92500,20.96000,3282
2016.09.29,00:00,22.01500,22.29000,21.89000,22.15000,3658
2016.09.30,00:00,21.92000,22.30000,21.87000,22.18000,4392
2016.10.03,00:00,22.16000,22.58000,22.15000,22.34500,2792
2016.10.04,00:00,22.40500,23.02500,22.39500,22.93500,3600
2016.10.05,00:00,22.70000,23.04500,22.52000,23.02500,3360
2016.10.06,00:00,23.03500,23.09500,22.88000,22.97000,3338
2016.10.07,00:00,22.86000,23.15500,22.72000,22.96500,4684
2016.10.10,00:00,23.00000,23.47500,22.90000,23.47000,3269
2016.10.11,00:00,23.37500,23.63500,23.19000,23.21500,3391
2016.10.12,00:00,23.03000,23.40000,23.03000,23.12500,3263
2016.10.13,00:00,22.85000,22.88500,22.64000,22.83500,3344
2016.10.14,00:00,22.99000,23.39500,22.92500,23.16500,2699
2016.10.17,00:00,22.90500,23.00000,22.72500,22.73000,2808
2016.10.18,00:00,23.00000,23.13500,22.92500,23.00000,2692
2016.10.19,00:00,23.03000,23.30000,22.91500,23.27000,2568
2016.10.20,00:00,23.29000,23.34000,23.09500,23.25500,2879
2016.10.21,00:00,23.26000,23.31500,23.17000,23.24000,1888
2016.10.24,00:00,23.37000,23.54000,23.17500,23.19500,2058
2016.10.25,00:00,23.26500,23.41000,23.15000,23.16500,2606
2016.10.26,00:00,23.09500,23.10000,22.68000,22.92000,3378
2016.10.27,00:00,22.79500,23.16500,22.75000,23.14000,3295
2016.10.28,00:00,22.94500,23.09500,22.73500,22.97500,3522
2016.10.31,00:00,22.77500,22.85500,22.50500,22.64500,2586
2016.11.01,00:00,23.48000,23.57000,23.30000,23.39000,3648
2016.11.02,00:00,23.31500,23.40000,22.73000,22.76000,3489
2016.11.03,00:00,22.87000,23.11000,22.85000,22.88500,3942
2016.11.04,00:00,22.70000,22.85000,22.57500,22.72500,3767
2016.11.07,00:00,23.00000,23.14000,22.90000,23.14000,2251
2016.11.08,00:00,23.22000,23.48000,23.12000,23.43500,2766
2016.11.09,00:00,22.63000,23.56000,22.60500,23.55500,6903
2016.11.10,00:00,23.51000,23.78500,23.38000,23.56000,4153
2016.11.11,00:00,23.61000,23.61500,22.53000,22.58000,4510
2016.11.14,00:00,22.78000,22.85000,22.39000,22.47500,4418
2016.11.15,00:00,22.82000,23.18000,22.70000,23.17500,3402
2016.11.16,00:00,23.26000,23.31000,22.90000,23.12000,3927
2016.11.17,00:00,23.15500,23.37500,22.87000,23.33000,3508
2016.11.18,00:00,23.32500,23.41000,22.94000,23.18500,3643
2016.11.21,00:00,23.29000,23.72500,23.28000,23.69000,2918
2016.11.22,00:00,23.85500,23.95500,23.65000,23.78000,3045
2016.11.23,00:00,23.84000,23.92000,23.64000,23.86500,3484
2016.11.24,00:00,23.84500,23.91000,23.74000,23.81000,1732
2016.11.25,00:00,23.80500,23.80500,23.54000,23.63000,1865
2016.11.28,00:00,23.46500,23.47000,23.16000,23.31000,3548
2016.11.29,00:00,23.22500,23.22500,22.79000,22.92000,3209
2016.11.30,00:00,23.05000,24.23000,22.98500,24.15000,5421
2016.12.01,00:00,24.51500,24.68500,24.24000,24.57000,4728
2016.12.02,00:00,24.21500,24.40500,24.08500,24.33000,3395
2016.12.05,00:00,24.29500,24.71000,24.26000,24.41000,4144
2016.12.06,00:00,24.25500,24.47000,24.14000,24.36000,3129
2016.12.07,00:00,24.56500,24.63000,24.37500,24.49000,3056
2016.12.08,00:00,24.47500,24.86000,24.45000,24.71000,3972
2016.12.09,00:00,24.77000,24.96500,24.68000,24.95500,2246
2016.12.12,00:00,25.38500,25.82000,25.29500,25.30500,3372
2016.12.13,00:00,25.19500,25.47000,25.12000,25.45000,2901
2016.12.14,00:00,25.32500,25.60000,25.30000,25.50500,2419
2016.12.15,00:00,25.51500,25.74500,25.16500,25.72500,4296
2016.12.16,00:00,25.81500,25.91500,25.72000,25.89000,2948
2016.12.19,00:00,25.96500,26.13500,25.89500,25.98000,2222
2016.12.20,00:00,26.03000,26.36000,25.94000,26.26500,2568
2016.12.21,00:00,26.12000,26.19000,25.89500,25.95000,2043
2016.12.22,00:00,25.97000,25.99500,25.87000,25.93000,1742
2016.12.23,00:00,25.99000,26.02500,25.81000,25.90000,1481
2016.12.27,00:00,25.90500,26.01500,25.90500,26.00000,908
2016.12.28,00:00,25.96500,26.31500,25.92000,26.22500,1507
2016.12.29,00:00,26.05500,26.25000,26.03000,26.16000,1474
2016.12.30,00:00,26.09500,26.16000,25.93500,26.02500,1449
2017.01.02,00:00,23.39000,26.19250,23.39000,26.18000,688
2017.01.03,00:00,26.32750,26.79250,26.31500,26.52250,4862
2017.01.04,00:00,26.67750,26.84000,26.55750,26.55750,3232
2017.01.05,00:00,26.48000,26.62500,26.38750,26.52250,4056
2017.01.06,00:00,26.40750,26.45500,26.23250,26.35500,3944
2017.01.09,00:00,26.34250,26.34250,25.89250,25.89250,3732
2017.01.10,00:00,25.94000,26.06250,25.73750,25.88250,3579
2017.01.11,00:00,25.84000,26.35250,25.72250,26.21750,3813
2017.01.12,00:00,26.18750,26.38250,26.10750,26.14250,4648
2017.01.13,00:00,26.24250,26.26000,26.03250,26.12500,3749
2017.01.16,00:00,26.02500,26.05250,25.88750,25.93250,2706
2017.01.17,00:00,25.91250,26.06750,25.79000,25.98500,4508
2017.01.18,00:00,25.99500,26.04000,25.71250,25.83250,4041
2017.01.19,00:00,25.80250,25.90000,25.32000,25.53000,5098
2017.01.20,00:00,25.68750,25.83500,25.58500,25.70750,3789
2017.01.23,00:00,25.51250,25.74750,25.37000,25.40750,3947
2017.01.24,00:00,25.64500,25.75500,25.51500,25.62750,3698
2017.01.25,00:00,25.83500,25.96500,25.72750,25.86250,3179
2017.01.26,00:00,25.96000,25.96000,25.69250,25.73750,3519
2017.01.27,00:00,25.76500,25.84250,25.56000,25.60250,3059
2017.01.30,00:00,25.47500,25.56750,25.05500,25.17250,3872
2017.01.31,00:00,25.21000,25.42750,25.00750,25.11250,4438
2017.02.01,00:00,25.21750,25.36250,25.02750,25.08250,4342
2017.02.02,00:00,25.51250,25.62250,25.13250,25.20750,6311
2017.02.03,00:00,25.32500,25.55750,25.24750,25.49750,3789
2017.02.06,00:00,25.41750,25.45000,25.19000,25.22750,3547
2017.02.07,00:00,25.20750,25.39250,25.04750,25.08250,3345
2017.02.08,00:00,25.06000,25.14500,24.52750,24.85250,4206
2017.02.09,00:00,24.93250,25.25500,24.84250,25.20250,4719
2017.02.10,00:00,25.27500,25.54750,25.16000,25.46000,4007
2017.02.13,00:00,25.50250,25.70250,25.44500,25.66000,3119
2017.02.14,00:00,25.60000,25.78250,25.55500,25.60750,3613
2017.02.15,00:00,25.77500,25.82750,25.51000,25.53000,3532
2017.02.16,00:00,25.20250,25.24000,24.88750,24.91250,4274
2017.02.17,00:00,24.76250,24.83750,24.47750,24.50250,4620
2017.02.20,00:00,24.66500,24.73500,24.46250,24.48750,3229
2017.02.21,00:00,24.47000,24.96250,24.41750,24.90000,4472
2017.02.22,00:00,24.97250,25.08250,24.59250,24.66750,4052
2017.02.23,00:00,24.59500,24.88750,24.55000,24.71250,3248
2017.02.24,00:00,24.72250,24.74500,24.30750,24.48000,4293
2017.02.27,00:00,24.58500,24.61000,24.38750,24.39250,3462
2017.02.28,00:00,24.44000,24.45750,24.18250,24.38000,2755
2017.03.01,00:00,24.58250,24.84000,24.49250,24.77250,3631
2017.03.02,00:00,24.70250,24.93500,24.66250,24.87750,3061
2017.03.03,00:00,24.82250,24.90750,24.71750,24.88750,2781
2017.03.06,00:00,24.66750,24.79250,24.52250,24.77250,3185
2017.03.07,00:00,24.71000,24.86250,24.69750,24.78250,2767
2017.03.08,00:00,24.71000,24.74750,24.47750,24.50250,2611
2017.03.09,00:00,24.34000,24.35250,23.50000,23.93750,6970
2017.03.10,00:00,24.17500,24.54750,24.11250,24.21250,4830
2017.03.13,00:00,24.18250,24.42750,24.03750,24.39750,3370
2017.03.14,00:00,24.40750,24.43750,23.83750,23.90500,5044
2017.03.15,00:00,24.13250,24.29750,24.12750,24.19750,3954
2017.03.16,00:00,24.39500,24.60750,24.30750,24.34250,4375
2017.03.17,00:00,24.38500,24.71750,24.35000,24.51750,2915
2017.03.20,00:00,24.45750,24.49250,24.31750,24.34750,3083
2017.03.21,00:00,24.37500,24.58250,24.28750,24.38750,3660
2017.03.22,00:00,24.32750,24.43750,24.03750,24.25750,5844
2017.03.23,00:00,24.31250,24.40750,24.17250,24.39750,4003
2017.03.24,00:00,24.31500,24.32500,24.03250,24.06750,2638
2017.03.27,00:00,23.99000,24.07250,23.83250,24.04750,3416
2017.03.28,00:00,24.12500,24.42250,24.04500,24.39250,2786
2017.03.29,00:00,24.46000,24.63250,24.30750,24.60750,3566
2017.03.30,00:00,24.72750,24.83250,24.63250,24.77250,3432
2017.03.31,00:00,24.75250,24.86250,24.56250,24.60750,3270
2017.04.03,00:00,24.74750,24.86250,24.34750,24.37000,2980
2017.04.04,00:00,24.45500,24.60750,24.34250,24.58250,2964
2017.04.05,00:00,24.76250,25.06750,24.72750,24.77750,3899
2017.04.06,00:00,24.64250,24.97750,24.53750,24.86750,4110
2017.04.07,00:00,25.06000,25.13750,24.85500,25.10750,4438
2017.04.10,00:00,25.24000,25.24000,24.97250,25.18750,3111
2017.04.11,00:00,25.08750,25.26750,24.98000,25.14500,4625
2017.04.12,00:00,25.29750,25.37250,25.14000,25.16750,3988
2017.04.13,00:00,25.00750,25.03750,24.74750,24.78000,4363
2017.04.18,00:00,24.73500,24.73500,24.34250,24.52750,5358
2017.04.19,00:00,24.29000,24.37000,24.06750,24.10250,4422
2017.04.20,00:00,23.88500,24.01750,23.78750,23.90250,5184
2017.04.21,00:00,23.91750,24.02250,23.79250,23.88750,4190
2017.04.24,00:00,24.07750,24.29250,23.97250,24.03750,5375
2017.04.25,00:00,24.14750,24.24750,24.04750,24.10750,3190
2017.04.26,00:00,24.06250,24.34750,24.03750,24.29250,2946
2017.04.27,00:00,24.05500,24.11500,23.76750,23.86750,2982
2017.04.28,00:00,23.88750,24.01250,23.77750,23.93250,3097
2017.05.02,00:00,23.77750,24.00750,23.77250,23.82750,2764
2017.05.03,00:00,23.73500,23.84250,23.71250,23.82750,3218
2017.05.04,00:00,24.46250,24.67250,23.77250,23.98750,6610
2017.05.05,00:00,23.73250,24.44750,23.62250,24.37500,6632
2017.05.08,00:00,24.60250,24.92750,24.46750,24.76250,5381
2017.05.09,00:00,24.93750,25.06750,24.87250,24.87750,3820
2017.05.10,00:00,24.91500,25.36250,24.86750,25.21750,4101
2017.05.11,00:00,25.29000,25.47250,25.16250,25.35750,5364
2017.05.12,00:00,25.30250,25.39250,25.11000,25.23000,4057
2017.05.15,00:00,25.48250,25.63750,25.30250,25.37250,3415
2017.05.16,00:00,25.35250,25.44000,25.21000,25.26250,3321
2017.05.17,00:00,25.11500,25.44250,25.07000,25.43750,4288
2017.05.18,00:00,24.93000,25.00000,24.56750,24.70750,8812
2017.05.19,00:00,24.72750,24.88000,24.64750,24.73250,3928
2017.05.22,00:00,24.74000,24.77500,24.51750,24.53750,3912
2017.05.23,00:00,24.44750,24.65750,24.37750,24.59250,3762
2017.05.24,00:00,24.63250,24.65750,24.45750,24.58750,3055
2017.05.25,00:00,24.55750,24.58750,24.21500,24.35750,5065
2017.05.26,00:00,24.24750,24.37750,24.14250,24.28750,4100
2017.05.29,00:00,24.29250,24.35250,24.24750,24.33750,1232
2017.05.30,00:00,24.25750,24.47250,24.25750,24.37750,3602
2017.05.31,00:00,24.25750,24.35250,24.14750,24.17500,3950
2017.06.01,00:00,24.14750,24.33750,24.05750,24.29750,3773
2017.06.02,00:00,24.17750,24.28000,23.79750,23.82750,4170
2017.06.05,00:00,23.99750,24.01750,23.85750,23.95750,2922
2017.06.06,00:00,23.97000,24.05750,23.83000,23.92250,3191
2017.06.07,00:00,24.11750,24.26250,23.80250,23.80250,4316
2017.06.08,00:00,23.90750,23.93250,23.69750,23.73250,4586
2017.06.09,00:00,23.76000,23.95250,23.60750,23.93250,5031
2017.06.12,00:00,24.12250,24.36250,24.02500,24.11250,4794
2017.06.13,00:00,24.29250,24.29750,24.06750,24.14750,3033
2017.06.14,00:00,24.24000,24.35000,23.86750,23.87250,3855
2017.06.15,00:00,23.79750,23.84750,23.51750,23.78000,5914
2017.06.16,00:00,23.93500,24.11750,23.88250,24.06250,3762
2017.06.19,00:00,24.26000,24.43250,24.21250,24.34250,2939
2017.06.20,00:00,24.28000,24.30750,23.61250,23.72750,4884
2017.06.21,00:00,23.61250,23.67250,23.37750,23.44000,5163
2017.06.22,00:00,23.21500,23.46250,22.82500,23.43250,4921
2017.06.23,00:00,23.42250,23.56750,23.26250,23.47750,3975
2017.06.26,00:00,23.65000,23.80250,23.40750,23.53250,4391
2017.06.27,00:00,23.54000,23.74250,23.36750,23.64750,4780
2017.06.28,00:00,23.41000,23.75250,23.30250,23.66250,6147
2017.06.29,00:00,23.70500,23.75750,23.39250,23.44750,5286
2017.06.30,00:00,23.24750,23.41750,23.14750,23.21750,4724
2017.07.03,00:00,23.33750,23.69250,23.33500,23.65250,4187
2017.07.04,00:00,23.52500,23.79250,23.48750,23.73750,2537
2017.07.05,00:00,23.65250,23.68750,23.29750,23.36250,5368
2017.07.06,00:00,23.36000,23.47250,23.15750,23.39500,5355
2017.07.07,00:00,23.14500,23.21750,23.00750,23.07000,4709
2017.07.10,00:00,23.21750,23.27500,23.03750,23.15250,3481
2017.07.11,00:00,23.17000,23.22000,22.95750,23.07250,3879
2017.07.12,00:00,23.16750,23.60250,23.14500,23.46000,4737
2017.07.13,00:00,23.46500,23.50750,23.33250,23.42000,3944
2017.07.14,00:00,23.41500,23.66750,23.37250,23.48750,3386
2017.07.17,00:00,23.56000,23.61750,23.43750,23.51750,3297
2017.07.18,00:00,23.34750,23.43250,23.19750,23.24750,4211
2017.07.19,00:00,23.42000,23.45250,23.24750,23.38250,3484
2017.07.20,00:00,23.46000,23.67500,23.33750,23.39250,4849
2017.07.21,00:00,23.37750,23.65250,23.13250,23.15750,4563
2017.07.24,00:00,23.13500,23.27250,22.99750,23.03250,4545
2017.07.25,00:00,23.19250,23.42750,23.12750,23.39250,3615
2017.07.26,00:00,23.44250,23.58250,23.41750,23.46750,4415
2017.07.27,00:00,23.56000,23.73750,23.35250,23.52250,5842
2017.07.28,00:00,23.61500,23.82000,23.47750,23.70750,3993
2017.07.31,00:00,23.84000,24.03250,23.80750,23.88250,3765
2017.08.01,00:00,24.03000,24.08250,23.84750,23.95250,4177
2017.08.02,00:00,24.00000,24.15750,23.82250,24.15250,4519
2017.08.03,00:00,23.99250,24.20250,23.93750,24.12250,4583
2017.08.04,00:00,23.97500,24.37250,23.97500,24.28500,4010
2017.08.07,00:00,24.31000,24.35500,24.22750,24.28250,3633
2017.08.08,00:00,24.34250,24.53250,24.33500,24.50750,3761
2017.08.09,00:00,24.44000,24.59500,24.37500,24.47750,5656
2017.08.10,00:00,24.14250,24.14500,23.92250,23.92750,5626
2017.08.11,00:00,23.69750,23.74750,23.48500,23.54500,5147
2017.08.14,00:00,23.48500,23.67250,23.35750,23.59750,3803
2017.08.15,00:00,23.51000,23.52250,23.28750,23.34750,3139
2017.08.16,00:00,23.50500,23.57250,23.41750,23.42250,3444
2017.08.17,00:00,23.30250,23.41250,23.24750,23.33750,4561
2017.08.18,00:00,23.26250,23.30250,23.09250,23.12250,4245
2017.08.21,00:00,23.21000,23.25250,23.01500,23.08750,3854
2017.08.22,00:00,23.13250,23.29250,23.13250,23.20250,3420
2017.08.23,00:00,23.17500,23.23750,23.06750,23.20750,4238
2017.08.24,00:00,23.28500,23.38250,23.25000,23.27750,2573
2017.08.25,00:00,23.34500,23.41750,23.22750,23.33750,3618
2017.08.28,00:00,23.25500,23.29250,23.14250,23.15000,1934
2017.08.29,00:00,22.90250,22.96750,22.70250,22.96250,4958
2017.08.30,00:00,23.12250,23.16250,22.95250,23.13000,3207
2017.08.31,00:00,23.19500,23.24750,23.02750,23.18000,3164
2017.09.01,00:00,23.18750,23.29250,23.07750,23.26750,3328
2017.09.04,00:00,23.09750,23.23750,23.08500,23.17250,1849
2017.09.05,00:00,23.21750,23.36750,23.20000,23.34750,3386
2017.09.06,00:00,23.27500,23.51500,23.15250,23.46500,3997
2017.09.07,00:00,23.48000,23.69750,23.43750,23.59250,4271
2017.09.08,00:00,23.61250,23.63500,23.46750,23.51250,2571
2017.09.11,00:00,23.65000,23.70250,23.56250,23.66250,2906
2017.09.12,00:00,23.71750,23.78750,23.63250,23.78750,2819
2017.09.13,00:00,23.73000,24.12750,23.69500,24.03250,2969
2017.09.14,00:00,24.07000,24.33750,24.06000,24.24250,2680
2017.09.15,00:00,24.19500,24.19750,23.92750,23.98250,4138
2017.09.18,00:00,24.10000,24.19750,23.91750,23.97500,2867
2017.09.19,00:00,23.94500,24.19250,23.94500,24.14750,2632
2017.09.20,00:00,24.18750,24.40750,24.12250,24.34750,2288
2017.09.21,00:00,24.57250,24.73750,24.57250,24.71250,3134
2017.09.22,00:00,24.70000,24.85750,24.55000,24.80250,3107
2017.09.25,00:00,24.78250,25.21250,24.78000,25.16250,2786
2017.09.26,00:00,25.25750,25.49250,25.24750,25.39250,3531
2017.09.27,00:00,25.43250,25.46000,25.23750,25.38250,2812
2017.09.28,00:00,25.42500,25.68750,25.36750,25.58250,2706
2017.09.29,00:00,25.59250,25.65750,25.49250,25.57250,2968
2017.10.02,00:00,25.65250,25.76250,25.52250,25.59250,3143
2017.10.03,00:00,25.61750,25.90250,25.56250,25.89250,2116
2017.10.04,00:00,25.87000,25.87250,25.74250,25.80750,3299
2017.10.05,00:00,25.81250,25.96750,25.75500,25.94250,3030
2017.10.06,00:00,25.96500,26.00750,25.65250,25.66250,2726
2017.10.09,00:00,25.66750,25.81250,25.65000,25.71250,2141
2017.10.10,00:00,25.78250,25.84250,25.62250,25.78750,2407
2017.10.11,00:00,25.67250,25.86750,25.62750,25.74250,2759
2017.10.12,00:00,25.73250,25.80750,25.61750,25.62750,2359
2017.10.13,00:00,25.72750,25.86750,25.69250,25.82750,2089
2017.10.16,00:00,25.83000,25.95250,25.83000,25.83500,2084
2017.10.17,00:00,25.80750,25.96750,25.75500,25.75750,2030
2017.10.18,00:00,25.77250,25.88250,25.73750,25.77250,2083
2017.10.19,00:00,25.83250,25.84250,25.57750,25.79250,3646
2017.10.20,00:00,25.79500,25.91250,25.73750,25.89250,2176
2017.10.23,00:00,25.92000,26.09750,25.84750,26.05750,1809
2017.10.24,00:00,25.95250,26.23250,25.95250,26.14250,2432
2017.10.25,00:00,26.09750,26.22750,25.91250,25.93250,3250
2017.10.26,00:00,25.90000,26.06250,25.82750,26.02250,3788
2017.10.27,00:00,26.04000,26.44750,26.02000,26.41250,3866
2017.10.30,00:00,26.39750,26.73250,26.38750,26.67750,2843
2017.10.31,00:00,26.84000,26.96250,26.78250,26.96250,3097
2017.11.01,00:00,27.05250,27.20250,26.96750,27.01750,3268
2017.11.02,00:00,27.19000,27.38750,26.88250,27.29750,4427
2017.11.03,00:00,27.44000,27.60250,27.37250,27.48250,3243
