time,open,high,low,close,volume
2018-12-19T02:00:00.000000000Z,1.13811,1.13867,1.13792,1.13857,444
2018-12-19T03:00:00.000000000Z,1.13855,1.13874,1.13844,1.13853,307
2018-12-19T04:00:00.000000000Z,1.13851,1.13898,1.13807,1.13812,498
2018-12-19T05:00:00.000000000Z,1.13812,1.13885,1.13784,1.1388,378
2018-12-19T06:00:00.000000000Z,1.13878,1.13905,1.13808,1.13851,612
2018-12-19T07:00:00.000000000Z,1.1385,1.14052,1.1383,1.13975,1652
2018-12-19T08:00:00.000000000Z,1.13972,1.1406,1.13942,1.14013,1349
2018-12-19T09:00:00.000000000Z,1.14012,1.14051,1.13886,1.13892,1218
2018-12-19T10:00:00.000000000Z,1.13891,1.14101,1.13826,1.14081,1547
2018-12-19T11:00:00.000000000Z,1.14081,1.14141,1.13956,1.14038,1249
2018-12-19T12:00:00.000000000Z,1.14038,1.14057,1.1395,1.1404,1041
2018-12-19T13:00:00.000000000Z,1.14038,1.14067,1.1396,1.14016,1287
2018-12-19T14:00:00.000000000Z,1.14014,1.14322,1.14011,1.14299,1743
2018-12-19T15:00:00.000000000Z,1.14298,1.14392,1.14199,1.14212,1992
2018-12-19T16:00:00.000000000Z,1.14212,1.14326,1.14198,1.14217,1538
2018-12-19T17:00:00.000000000Z,1.14214,1.14318,1.1418,1.14252,1482
2018-12-19T18:00:00.000000000Z,1.14255,1.14384,1.14227,1.14318,1736
2018-12-19T19:00:00.000000000Z,1.14314,1.14324,1.13644,1.13716,13657
2018-12-19T20:00:00.000000000Z,1.13717,1.13879,1.13644,1.13732,4616
2018-12-19T21:00:00.000000000Z,1.13732,1.13868,1.13682,1.13772,982
2018-12-19T22:00:00.000000000Z,1.13758,1.13828,1.13696,1.13802,2619
2018-12-19T23:00:00.000000000Z,1.13807,1.13888,1.13806,1.13866,575
2018-12-20T00:00:00.000000000Z,1.13866,1.13882,1.13805,1.13828,690
2018-12-20T01:00:00.000000000Z,1.1383,1.13842,1.13772,1.1382,652
2018-12-20T02:00:00.000000000Z,1.13824,1.1384,1.13784,1.13802,408
2018-12-20T03:00:00.000000000Z,1.138,1.13832,1.13782,1.13818,499
2018-12-20T04:00:00.000000000Z,1.13814,1.1386,1.13796,1.1386,601
2018-12-20T05:00:00.000000000Z,1.1386,1.13894,1.13824,1.13894,639
2018-12-20T06:00:00.000000000Z,1.13894,1.14099,1.13846,1.14091,1057
2018-12-20T07:00:00.000000000Z,1.14087,1.14256,1.14052,1.14158,2287
2018-12-20T08:00:00.000000000Z,1.14156,1.14346,1.14106,1.14296,2163
2018-12-20T09:00:00.000000000Z,1.14292,1.14807,1.14253,1.14782,4036
2018-12-20T10:00:00.000000000Z,1.14786,1.14856,1.14698,1.14766,2120
2018-12-20T11:00:00.000000000Z,1.14763,1.14828,1.14641,1.14664,1997
2018-12-20T12:00:00.000000000Z,1.14668,1.14671,1.145,1.14502,1638
2018-12-20T13:00:00.000000000Z,1.14503,1.1463,1.14438,1.14458,1616
2018-12-20T14:00:00.000000000Z,1.14459,1.1461,1.14418,1.14492,1990
2018-12-20T15:00:00.000000000Z,1.14495,1.14495,1.14024,1.14162,3173
2018-12-20T16:00:00.000000000Z,1.14162,1.14331,1.14082,1.14314,2826
2018-12-20T17:00:00.000000000Z,1.14316,1.14652,1.14311,1.14588,2899
2018-12-20T18:00:00.000000000Z,1.14588,1.14758,1.14514,1.14706,1897
2018-12-20T19:00:00.000000000Z,1.14703,1.14851,1.14654,1.14716,2446
2018-12-20T20:00:00.000000000Z,1.14712,1.14725,1.14592,1.14602,1544
2018-12-20T21:00:00.000000000Z,1.14602,1.14605,1.14448,1.14456,663
2018-12-20T22:00:00.000000000Z,1.14475,1.1455,1.14448,1.14492,1749
2018-12-20T23:00:00.000000000Z,1.14488,1.14598,1.14488,1.14566,695
2018-12-21T00:00:00.000000000Z,1.14568,1.14617,1.14482,1.14498,590
2018-12-21T01:00:00.000000000Z,1.14498,1.14538,1.14491,1.14522,411
2018-12-21T02:00:00.000000000Z,1.14518,1.14548,1.14486,1.14486,315
2018-12-21T03:00:00.000000000Z,1.1449,1.14508,1.14472,1.14492,220
2018-12-21T04:00:00.000000000Z,1.14492,1.14501,1.14417,1.14442,501
2018-12-21T05:00:00.000000000Z,1.14438,1.14502,1.1442,1.14466,524
2018-12-21T06:00:00.000000000Z,1.14466,1.14564,1.14466,1.1456,588
2018-12-21T07:00:00.000000000Z,1.14556,1.14734,1.14554,1.14688,1094
2018-12-21T08:00:00.000000000Z,1.1469,1.14742,1.1443,1.14442,2042
2018-12-21T09:00:00.000000000Z,1.14438,1.14451,1.14124,1.14282,2388
2018-12-21T10:00:00.000000000Z,1.14284,1.1429,1.14135,1.14202,1892
2018-12-21T11:00:00.000000000Z,1.14198,1.1428,1.14152,1.14243,1762
2018-12-21T12:00:00.000000000Z,1.14246,1.14264,1.14004,1.14148,1948
2018-12-21T13:00:00.000000000Z,1.14145,1.14248,1.14064,1.14106,2785
2018-12-21T14:00:00.000000000Z,1.1411,1.14236,1.14016,1.14016,2166
2018-12-21T15:00:00.000000000Z,1.14016,1.14158,1.13826,1.14152,3913
2018-12-21T16:00:00.000000000Z,1.14148,1.14212,1.13992,1.14008,3425
2018-12-21T17:00:00.000000000Z,1.14012,1.1404,1.13848,1.13859,1878
2018-12-21T18:00:00.000000000Z,1.13858,1.1386,1.13622,1.13644,1687
2018-12-21T19:00:00.000000000Z,1.13645,1.13732,1.13637,1.13694,749
2018-12-21T20:00:00.000000000Z,1.13691,1.13716,1.13561,1.13589,1130
2018-12-21T21:00:00.000000000Z,1.13592,1.1375,1.13571,1.13718,1023
2018-12-23T22:00:00.000000000Z,1.13728,1.13746,1.13614,1.13686,2740
2018-12-23T23:00:00.000000000Z,1.13686,1.1374,1.13668,1.13724,390
2018-12-24T00:00:00.000000000Z,1.13721,1.13807,1.13707,1.13784,331
2018-12-24T01:00:00.000000000Z,1.13782,1.13815,1.13768,1.13806,298
2018-12-24T02:00:00.000000000Z,1.1381,1.13904,1.13776,1.13877,438
2018-12-24T03:00:00.000000000Z,1.1388,1.13918,1.13854,1.13897,273
2018-12-24T04:00:00.000000000Z,1.13894,1.1392,1.13873,1.13919,316
2018-12-24T05:00:00.000000000Z,1.13923,1.13929,1.13868,1.13908,308
2018-12-24T06:00:00.000000000Z,1.13911,1.13924,1.13793,1.1381,384
2018-12-24T07:00:00.000000000Z,1.13809,1.13914,1.13774,1.13774,839
2018-12-24T08:00:00.000000000Z,1.13774,1.14,1.13745,1.13992,1688
2018-12-24T09:00:00.000000000Z,1.13996,1.14082,1.13942,1.1395,1328
2018-12-24T10:00:00.000000000Z,1.13954,1.14119,1.13944,1.14022,881
2018-12-24T11:00:00.000000000Z,1.1402,1.14064,1.13952,1.13972,775
2018-12-24T12:00:00.000000000Z,1.13968,1.14054,1.13888,1.14029,958
2018-12-24T13:00:00.000000000Z,1.14028,1.14174,1.13996,1.1414,1792
2018-12-24T14:00:00.000000000Z,1.14136,1.14386,1.14136,1.14278,2552
2018-12-24T15:00:00.000000000Z,1.14282,1.14339,1.13998,1.14136,3602
2018-12-24T16:00:00.000000000Z,1.14133,1.14225,1.14054,1.14182,2881
2018-12-24T17:00:00.000000000Z,1.14184,1.142,1.1409,1.14096,1087
2018-12-24T18:00:00.000000000Z,1.14096,1.14224,1.1408,1.14179,4446
2018-12-24T19:00:00.000000000Z,1.14178,1.14178,1.1395,1.14004,7012
2018-12-24T20:00:00.000000000Z,1.14004,1.1412,1.13956,1.14088,1566
2018-12-24T21:00:00.000000000Z,1.14092,1.1416,1.14012,1.14067,312
2018-12-25T22:00:00.000000000Z,1.14067,1.14133,1.1393,1.14092,3216
2018-12-25T23:00:00.000000000Z,1.14091,1.14202,1.14015,1.14138,6584
2018-12-26T00:00:00.000000000Z,1.14138,1.1416,1.14045,1.14062,593
2018-12-26T01:00:00.000000000Z,1.1406,1.1411,1.13992,1.14102,453
2018-12-26T02:00:00.000000000Z,1.14106,1.14157,1.14104,1.14113,389
2018-12-26T03:00:00.000000000Z,1.14114,1.14162,1.14108,1.14145,315
2018-12-26T04:00:00.000000000Z,1.14148,1.14149,1.14049,1.14056,287
2018-12-26T05:00:00.000000000Z,1.1406,1.14066,1.13977,1.14027,409
2018-12-26T06:00:00.000000000Z,1.14027,1.1408,1.13977,1.14052,391
2018-12-26T07:00:00.000000000Z,1.14048,1.14068,1.13992,1.14024,292
2018-12-26T08:00:00.000000000Z,1.14021,1.14025,1.1385,1.13922,720
2018-12-26T09:00:00.000000000Z,1.13922,1.13961,1.13812,1.13844,548
2018-12-26T10:00:00.000000000Z,1.13843,1.13893,1.13817,1.13853,335
2018-12-26T11:00:00.000000000Z,1.13852,1.13898,1.13816,1.13828,438
2018-12-26T12:00:00.000000000Z,1.13828,1.13878,1.13753,1.13843,598
2018-12-26T13:00:00.000000000Z,1.13844,1.13898,1.1377,1.13893,917
2018-12-26T14:00:00.000000000Z,1.13892,1.13942,1.13824,1.13854,1135
2018-12-26T15:00:00.000000000Z,1.13858,1.14143,1.13854,1.14066,1267
2018-12-26T16:00:00.000000000Z,1.14069,1.14112,1.14046,1.14064,920
2018-12-26T17:00:00.000000000Z,1.14067,1.14074,1.13555,1.13558,2213
2018-12-26T18:00:00.000000000Z,1.13558,1.13661,1.1355,1.13606,1449
2018-12-26T19:00:00.000000000Z,1.13608,1.13666,1.13494,1.1353,1624
2018-12-26T20:00:00.000000000Z,1.13526,1.13586,1.13432,1.13538,1607
2018-12-26T21:00:00.000000000Z,1.13538,1.1355,1.13487,1.13522,678
2018-12-26T22:00:00.000000000Z,1.13536,1.13572,1.13524,1.13566,438
2018-12-26T23:00:00.000000000Z,1.13565,1.13618,1.13556,1.13606,617
2018-12-27T00:00:00.000000000Z,1.13609,1.13724,1.13581,1.13698,1239
2018-12-27T01:00:00.000000000Z,1.13702,1.13782,1.13652,1.13739,971
2018-12-27T02:00:00.000000000Z,1.13736,1.13869,1.13735,1.13811,923
2018-12-27T03:00:00.000000000Z,1.1381,1.13843,1.13778,1.13813,674
2018-12-27T04:00:00.000000000Z,1.13814,1.13902,1.13814,1.13849,687
2018-12-27T05:00:00.000000000Z,1.13852,1.13852,1.13774,1.13832,996
2018-12-27T06:00:00.000000000Z,1.13829,1.13882,1.13752,1.13838,1055
2018-12-27T07:00:00.000000000Z,1.13838,1.13893,1.13718,1.13793,1722
2018-12-27T08:00:00.000000000Z,1.13789,1.13988,1.13786,1.13932,1674
2018-12-27T09:00:00.000000000Z,1.13933,1.14,1.13885,1.13939,1894
2018-12-27T10:00:00.000000000Z,1.13942,1.14054,1.13902,1.1403,1831
2018-12-27T11:00:00.000000000Z,1.14034,1.14095,1.13829,1.1389,1609
2018-12-27T12:00:00.000000000Z,1.13894,1.14013,1.13644,1.1368,2214
2018-12-27T13:00:00.000000000Z,1.13684,1.14077,1.13674,1.13976,3147
2018-12-27T14:00:00.000000000Z,1.13976,1.14362,1.13922,1.1435,2886
2018-12-27T15:00:00.000000000Z,1.1435,1.14354,1.1398,1.14003,3789
2018-12-27T16:00:00.000000000Z,1.14,1.14184,1.13996,1.14121,2544
2018-12-27T17:00:00.000000000Z,1.14119,1.14497,1.1411,1.14361,2613
2018-12-27T18:00:00.000000000Z,1.14358,1.14542,1.14292,1.14478,1779
2018-12-27T19:00:00.000000000Z,1.14474,1.14537,1.14431,1.14485,1823
2018-12-27T20:00:00.000000000Z,1.14485,1.14498,1.14272,1.14396,2417
2018-12-27T21:00:00.000000000Z,1.14396,1.14412,1.14302,1.14306,1059
2018-12-27T22:00:00.000000000Z,1.14296,1.14326,1.14274,1.14294,366
2018-12-27T23:00:00.000000000Z,1.14296,1.14344,1.14288,1.14306,340
2018-12-28T00:00:00.000000000Z,1.14304,1.14478,1.143,1.14455,1012
2018-12-28T01:00:00.000000000Z,1.14457,1.14488,1.14414,1.14482,647
2018-12-28T02:00:00.000000000Z,1.14482,1.1463,1.14468,1.14618,858
2018-12-28T03:00:00.000000000Z,1.14614,1.14669,1.1456,1.1456,822
2018-12-28T04:00:00.000000000Z,1.1456,1.146,1.14506,1.14514,497
2018-12-28T05:00:00.000000000Z,1.14518,1.14588,1.14512,1.14545,648
2018-12-28T06:00:00.000000000Z,1.14545,1.14637,1.14536,1.14597,863
2018-12-28T07:00:00.000000000Z,1.14594,1.14623,1.14483,1.1455,1183
2018-12-28T08:00:00.000000000Z,1.1455,1.14674,1.14512,1.14576,1579
2018-12-28T09:00:00.000000000Z,1.14576,1.14588,1.14307,1.1443,2421
2018-12-28T10:00:00.000000000Z,1.14433,1.14704,1.14381,1.14651,2121
2018-12-28T11:00:00.000000000Z,1.14652,1.14728,1.14606,1.14662,1719
2018-12-28T12:00:00.000000000Z,1.14662,1.14702,1.14474,1.14514,1524
2018-12-28T13:00:00.000000000Z,1.14514,1.1461,1.14393,1.1461,2093
2018-12-28T14:00:00.000000000Z,1.14614,1.14692,1.1444,1.14543,2671
2018-12-28T15:00:00.000000000Z,1.14542,1.1457,1.14332,1.1437,3258
2018-12-28T16:00:00.000000000Z,1.14376,1.14488,1.14304,1.14436,2098
2018-12-28T17:00:00.000000000Z,1.1444,1.14488,1.14312,1.14405,1247
2018-12-28T18:00:00.000000000Z,1.14406,1.14488,1.14342,1.14383,1183
2018-12-28T19:00:00.000000000Z,1.14384,1.14456,1.14342,1.14413,979
2018-12-28T20:00:00.000000000Z,1.14417,1.14538,1.14417,1.1442,1094
2018-12-28T21:00:00.000000000Z,1.14416,1.14511,1.14399,1.14448,848
2018-12-30T22:00:00.000000000Z,1.14372,1.144,1.14356,1.144,180
2018-12-30T23:00:00.000000000Z,1.14399,1.1441,1.14382,1.1439,362
2018-12-31T00:00:00.000000000Z,1.14392,1.14504,1.14384,1.1447,521
2018-12-31T01:00:00.000000000Z,1.14466,1.14466,1.14376,1.14387,383
2018-12-31T02:00:00.000000000Z,1.14384,1.144,1.14333,1.14354,432
2018-12-31T03:00:00.000000000Z,1.14356,1.14408,1.14344,1.14384,405
2018-12-31T04:00:00.000000000Z,1.14385,1.14396,1.14224,1.14224,524
2018-12-31T05:00:00.000000000Z,1.14221,1.14294,1.14216,1.14292,379
2018-12-31T06:00:00.000000000Z,1.14292,1.14321,1.14244,1.14271,583
2018-12-31T07:00:00.000000000Z,1.14268,1.14442,1.14242,1.14428,1358
2018-12-31T08:00:00.000000000Z,1.14425,1.14473,1.14295,1.14326,1481
2018-12-31T09:00:00.000000000Z,1.14326,1.14427,1.14318,1.14364,933
2018-12-31T10:00:00.000000000Z,1.1436,1.14526,1.14352,1.14485,1052
2018-12-31T11:00:00.000000000Z,1.14482,1.1466,1.14462,1.14525,1170
2018-12-31T12:00:00.000000000Z,1.14521,1.14586,1.14386,1.14572,1331
2018-12-31T13:00:00.000000000Z,1.14569,1.14569,1.1444,1.14462,1193
2018-12-31T14:00:00.000000000Z,1.14464,1.14486,1.14268,1.14352,1509
2018-12-31T15:00:00.000000000Z,1.14352,1.14526,1.14259,1.1434,3385
2018-12-31T16:00:00.000000000Z,1.14344,1.14596,1.14272,1.14546,3424
2018-12-31T17:00:00.000000000Z,1.14546,1.14568,1.14449,1.14518,921
2018-12-31T18:00:00.000000000Z,1.14516,1.1455,1.14426,1.14454,1256
2018-12-31T19:00:00.000000000Z,1.14454,1.14566,1.14447,1.14538,676
2018-12-31T20:00:00.000000000Z,1.14538,1.14612,1.14538,1.14562,504
2018-12-31T21:00:00.000000000Z,1.14562,1.14682,1.14562,1.14649,1189
2019-01-01T22:00:00.000000000Z,1.14649,1.14658,1.14616,1.14641,637
2019-01-01T23:00:00.000000000Z,1.1464,1.14678,1.14579,1.14614,1028
2019-01-02T00:00:00.000000000Z,1.14614,1.14628,1.14546,1.14565,465
2019-01-02T01:00:00.000000000Z,1.14562,1.14566,1.14462,1.14523,632
2019-01-02T02:00:00.000000000Z,1.14526,1.14535,1.1443,1.14458,750
2019-01-02T03:00:00.000000000Z,1.14462,1.14486,1.14448,1.14457,324
2019-01-02T04:00:00.000000000Z,1.14454,1.14472,1.1443,1.1445,289
2019-01-02T05:00:00.000000000Z,1.14454,1.14791,1.14454,1.14782,845
2019-01-02T06:00:00.000000000Z,1.14782,1.1497,1.1477,1.14856,1269
2019-01-02T07:00:00.000000000Z,1.14853,1.14932,1.14738,1.14768,1574
2019-01-02T08:00:00.000000000Z,1.14768,1.14781,1.14288,1.14484,3188
2019-01-02T09:00:00.000000000Z,1.14486,1.14498,1.14224,1.14341,2699
2019-01-02T10:00:00.000000000Z,1.14338,1.14416,1.14322,1.14371,1544
2019-01-02T11:00:00.000000000Z,1.14368,1.14392,1.14247,1.14336,1408
2019-01-02T12:00:00.000000000Z,1.1434,1.1434,1.13979,1.14051,1769
2019-01-02T13:00:00.000000000Z,1.14048,1.14057,1.13674,1.13718,2920
2019-01-02T14:00:00.000000000Z,1.13715,1.13754,1.1358,1.13608,2630
2019-01-02T15:00:00.000000000Z,1.1361,1.13698,1.13421,1.13538,3335
2019-01-02T16:00:00.000000000Z,1.13542,1.1362,1.1349,1.13564,1934
2019-01-02T17:00:00.000000000Z,1.13565,1.1357,1.13313,1.13353,2193
2019-01-02T18:00:00.000000000Z,1.13355,1.13364,1.13262,1.1328,1325
2019-01-02T19:00:00.000000000Z,1.13277,1.13444,1.1325,1.13438,1086
2019-01-02T20:00:00.000000000Z,1.13441,1.13478,1.13406,1.13458,1013
2019-01-02T21:00:00.000000000Z,1.13458,1.1348,1.13401,1.13447,651
2019-01-02T22:00:00.000000000Z,1.13431,1.13471,1.13101,1.13303,2913
2019-01-02T23:00:00.000000000Z,1.13471,1.13522,1.13091,1.13125,5041
2019-01-03T00:00:00.000000000Z,1.13122,1.13468,1.13098,1.13398,1764
2019-01-03T01:00:00.000000000Z,1.13402,1.13526,1.13399,1.13484,1467
2019-01-03T02:00:00.000000000Z,1.13481,1.13616,1.13462,1.13582,1218
2019-01-03T03:00:00.000000000Z,1.1358,1.13716,1.1357,1.1365,1028
2019-01-03T04:00:00.000000000Z,1.13647,1.1368,1.13608,1.13673,524
2019-01-03T05:00:00.000000000Z,1.13672,1.13701,1.13569,1.1361,970
2019-01-03T06:00:00.000000000Z,1.1361,1.13768,1.1355,1.13724,1265
2019-01-03T07:00:00.000000000Z,1.13724,1.13768,1.13616,1.13696,2545
2019-01-03T08:00:00.000000000Z,1.13696,1.13838,1.1354,1.138,3713
2019-01-03T09:00:00.000000000Z,1.138,1.1384,1.13732,1.13758,1929
2019-01-03T10:00:00.000000000Z,1.13758,1.13796,1.13638,1.13686,1808
2019-01-03T11:00:00.000000000Z,1.13686,1.13718,1.13404,1.13416,2007
2019-01-03T12:00:00.000000000Z,1.13413,1.13554,1.13398,1.13436,1396
2019-01-03T13:00:00.000000000Z,1.1344,1.13671,1.13377,1.13658,3286
2019-01-03T14:00:00.000000000Z,1.13656,1.13724,1.13614,1.13648,2398
2019-01-03T15:00:00.000000000Z,1.13648,1.14096,1.13648,1.13931,7365
2019-01-03T16:00:00.000000000Z,1.13928,1.14112,1.13871,1.13986,4029
2019-01-03T17:00:00.000000000Z,1.13982,1.14056,1.13933,1.13988,2415
2019-01-03T18:00:00.000000000Z,1.13984,1.14068,1.13965,1.14007,1472
2019-01-03T19:00:00.000000000Z,1.1401,1.1404,1.13832,1.13915,1436
2019-01-03T20:00:00.000000000Z,1.13912,1.14016,1.13898,1.13984,1638
2019-01-03T21:00:00.000000000Z,1.1398,1.13996,1.13938,1.13942,508
2019-01-03T22:00:00.000000000Z,1.1393,1.14026,1.13884,1.13938,1196
2019-01-03T23:00:00.000000000Z,1.13934,1.13966,1.139,1.13902,913
2019-01-04T00:00:00.000000000Z,1.13906,1.14056,1.13895,1.14056,1053
2019-01-04T01:00:00.000000000Z,1.14056,1.1412,1.14029,1.14041,779
2019-01-04T02:00:00.000000000Z,1.14042,1.14077,1.13976,1.13976,489
2019-01-04T03:00:00.000000000Z,1.13972,1.13988,1.13881,1.13984,645
2019-01-04T04:00:00.000000000Z,1.13982,1.13987,1.13901,1.13944,468
2019-01-04T05:00:00.000000000Z,1.1394,1.13984,1.13892,1.13902,408
2019-01-04T06:00:00.000000000Z,1.13902,1.13941,1.13834,1.13934,644
2019-01-04T07:00:00.000000000Z,1.13937,1.141,1.13922,1.14078,1614
2019-01-04T08:00:00.000000000Z,1.14074,1.14168,1.14024,1.14076,1659
2019-01-04T09:00:00.000000000Z,1.14077,1.1419,1.14025,1.14032,1400
2019-01-04T10:00:00.000000000Z,1.14026,1.14088,1.13947,1.1404,1697
2019-01-04T11:00:00.000000000Z,1.14043,1.14156,1.14028,1.14114,843
2019-01-04T12:00:00.000000000Z,1.14116,1.14141,1.14048,1.14056,874
2019-01-04T13:00:00.000000000Z,1.1406,1.14079,1.13638,1.13716,5744
2019-01-04T14:00:00.000000000Z,1.13714,1.1373,1.13462,1.13538,3333
2019-01-04T15:00:00.000000000Z,1.13538,1.1411,1.13458,1.14104,6723
2019-01-04T16:00:00.000000000Z,1.14106,1.1418,1.13997,1.14088,3310
2019-01-04T17:00:00.000000000Z,1.14092,1.14119,1.13932,1.14056,2199
2019-01-04T18:00:00.000000000Z,1.14056,1.14109,1.14026,1.14042,1402
2019-01-04T19:00:00.000000000Z,1.14038,1.14038,1.13942,1.14,1865
2019-01-04T20:00:00.000000000Z,1.13999,1.14044,1.13959,1.1403,861
2019-01-04T21:00:00.000000000Z,1.14035,1.14036,1.1395,1.13951,903
2019-01-06T22:00:00.000000000Z,1.13974,1.14098,1.13972,1.14051,558
2019-01-06T23:00:00.000000000Z,1.1405,1.1413,1.14046,1.14102,1788
2019-01-07T00:00:00.000000000Z,1.14104,1.14137,1.14047,1.14094,461
2019-01-07T01:00:00.000000000Z,1.14097,1.14233,1.1408,1.14212,408
2019-01-07T02:00:00.000000000Z,1.14212,1.14226,1.14172,1.14202,302
2019-01-07T03:00:00.000000000Z,1.14198,1.14256,1.14162,1.14226,369
2019-01-07T04:00:00.000000000Z,1.14228,1.14301,1.14203,1.14205,669
2019-01-07T05:00:00.000000000Z,1.14209,1.14248,1.14201,1.14236,344
2019-01-07T06:00:00.000000000Z,1.14236,1.14274,1.14144,1.14164,747
2019-01-07T07:00:00.000000000Z,1.14168,1.14388,1.14102,1.14365,1818
2019-01-07T08:00:00.000000000Z,1.14368,1.14402,1.1428,1.14316,1619
2019-01-07T09:00:00.000000000Z,1.14312,1.1448,1.14295,1.14412,1244
2019-01-07T10:00:00.000000000Z,1.14415,1.14452,1.14352,1.1439,898
2019-01-07T11:00:00.000000000Z,1.14389,1.14444,1.14335,1.14405,778
2019-01-07T12:00:00.000000000Z,1.14406,1.14473,1.1437,1.14396,1141
2019-01-07T13:00:00.000000000Z,1.14399,1.1459,1.14396,1.14579,1542
2019-01-07T14:00:00.000000000Z,1.14578,1.14728,1.14562,1.1468,1735
2019-01-07T15:00:00.000000000Z,1.14686,1.14711,1.14538,1.14638,2983
2019-01-07T16:00:00.000000000Z,1.14638,1.14702,1.14586,1.14673,2023
2019-01-07T17:00:00.000000000Z,1.14677,1.14712,1.14641,1.1469,1103
2019-01-07T18:00:00.000000000Z,1.14686,1.14827,1.14678,1.14742,1190
2019-01-07T19:00:00.000000000Z,1.14743,1.14826,1.1473,1.14796,845
2019-01-07T20:00:00.000000000Z,1.148,1.14805,1.14692,1.1477,752
2019-01-07T21:00:00.000000000Z,1.1477,1.1477,1.14723,1.14748,331
2019-01-07T22:00:00.000000000Z,1.14773,1.14781,1.14718,1.14763,708
2019-01-07T23:00:00.000000000Z,1.14768,1.14806,1.14768,1.1479,404
2019-01-08T00:00:00.000000000Z,1.14786,1.14848,1.1467,1.1468,745
2019-01-08T01:00:00.000000000Z,1.14678,1.14696,1.14471,1.14485,1061
2019-01-08T02:00:00.000000000Z,1.14488,1.14535,1.14417,1.14506,696
2019-01-08T03:00:00.000000000Z,1.1451,1.14518,1.14352,1.14388,610
2019-01-08T04:00:00.000000000Z,1.14384,1.14403,1.14322,1.1439,447
2019-01-08T05:00:00.000000000Z,1.1439,1.14443,1.14384,1.14438,409
2019-01-08T06:00:00.000000000Z,1.14438,1.14556,1.1441,1.14458,787
2019-01-08T07:00:00.000000000Z,1.1446,1.1453,1.14332,1.14438,2262
2019-01-08T08:00:00.000000000Z,1.14438,1.14509,1.14336,1.14491,1435
2019-01-08T09:00:00.000000000Z,1.14488,1.14612,1.14476,1.14521,1013
2019-01-08T10:00:00.000000000Z,1.1452,1.1452,1.14344,1.14458,1430
2019-01-08T11:00:00.000000000Z,1.14458,1.14696,1.14422,1.14658,1069
2019-01-08T12:00:00.000000000Z,1.14654,1.1468,1.1443,1.14498,1096
2019-01-08T13:00:00.000000000Z,1.14495,1.14498,1.14219,1.14276,2120
2019-01-08T14:00:00.000000000Z,1.14276,1.14441,1.14244,1.14387,1741
2019-01-08T15:00:00.000000000Z,1.14388,1.14436,1.14258,1.14416,2168
2019-01-08T16:00:00.000000000Z,1.14412,1.14488,1.14362,1.14432,1637
2019-01-08T17:00:00.000000000Z,1.14436,1.14555,1.14396,1.14545,1311
2019-01-08T18:00:00.000000000Z,1.14548,1.14594,1.14404,1.14411,994
2019-01-08T19:00:00.000000000Z,1.14413,1.14446,1.1439,1.14424,616
2019-01-08T20:00:00.000000000Z,1.14422,1.14424,1.1436,1.14406,485
2019-01-08T21:00:00.000000000Z,1.14405,1.1442,1.14375,1.14417,230
2019-01-08T22:00:00.000000000Z,1.14417,1.14436,1.14364,1.14414,792
2019-01-08T23:00:00.000000000Z,1.14415,1.14578,1.14415,1.14575,436
2019-01-09T00:00:00.000000000Z,1.14578,1.14622,1.1454,1.14562,679
2019-01-09T01:00:00.000000000Z,1.14558,1.14664,1.14556,1.14576,572
2019-01-09T02:00:00.000000000Z,1.14577,1.14605,1.14486,1.14517,568
2019-01-09T03:00:00.000000000Z,1.1452,1.14598,1.14517,1.14542,390
2019-01-09T04:00:00.000000000Z,1.14544,1.146,1.14522,1.146,345
2019-01-09T05:00:00.000000000Z,1.146,1.14641,1.14572,1.14609,388
2019-01-09T06:00:00.000000000Z,1.14609,1.1465,1.14556,1.14587,554
2019-01-09T07:00:00.000000000Z,1.14588,1.14785,1.14542,1.1466,1617
2019-01-09T08:00:00.000000000Z,1.14659,1.14758,1.1461,1.14632,1950
2019-01-09T09:00:00.000000000Z,1.14632,1.14714,1.14559,1.14606,1539
2019-01-09T10:00:00.000000000Z,1.14606,1.14634,1.14454,1.14522,1447
2019-01-09T11:00:00.000000000Z,1.14526,1.14564,1.1439,1.14561,1148
2019-01-09T12:00:00.000000000Z,1.14564,1.14589,1.14462,1.14506,1378
2019-01-09T13:00:00.000000000Z,1.14509,1.14643,1.14478,1.14623,1777
2019-01-09T14:00:00.000000000Z,1.1462,1.15258,1.14616,1.15246,5328
2019-01-09T15:00:00.000000000Z,1.15243,1.15404,1.15086,1.15104,4741
2019-01-09T16:00:00.000000000Z,1.151,1.15377,1.15096,1.15241,3240
2019-01-09T17:00:00.000000000Z,1.15238,1.15348,1.15212,1.15328,1724
2019-01-09T18:00:00.000000000Z,1.15332,1.15406,1.15288,1.15364,1268
2019-01-09T19:00:00.000000000Z,1.15362,1.15584,1.15294,1.15432,5188
2019-01-09T20:00:00.000000000Z,1.15433,1.15546,1.15426,1.15544,1568
2019-01-09T21:00:00.000000000Z,1.15548,1.15552,1.1542,1.15426,521
2019-01-09T22:00:00.000000000Z,1.1542,1.15505,1.154,1.15497,1626
2019-01-09T23:00:00.000000000Z,1.15497,1.1555,1.1548,1.15541,650
2019-01-10T00:00:00.000000000Z,1.15542,1.1559,1.15506,1.15553,686
2019-01-10T01:00:00.000000000Z,1.15554,1.1561,1.15435,1.15542,1335
2019-01-10T02:00:00.000000000Z,1.15538,1.15564,1.15488,1.15548,447
2019-01-10T03:00:00.000000000Z,1.15547,1.15702,1.15547,1.15694,793
2019-01-10T04:00:00.000000000Z,1.1569,1.1569,1.15584,1.15585,506
2019-01-10T05:00:00.000000000Z,1.15585,1.1563,1.15536,1.15608,453
2019-01-10T06:00:00.000000000Z,1.15608,1.15613,1.15511,1.15522,618
2019-01-10T07:00:00.000000000Z,1.15522,1.15562,1.15345,1.15409,2005
2019-01-10T08:00:00.000000000Z,1.1541,1.1558,1.15284,1.15293,2485
2019-01-10T09:00:00.000000000Z,1.15291,1.15334,1.15195,1.15246,2152
2019-01-10T10:00:00.000000000Z,1.15245,1.15325,1.15176,1.15278,1531
2019-01-10T11:00:00.000000000Z,1.15278,1.15395,1.1526,1.15294,1166
2019-01-10T12:00:00.000000000Z,1.15292,1.15392,1.15241,1.15338,1385
2019-01-10T13:00:00.000000000Z,1.15342,1.15454,1.15193,1.15204,2061
2019-01-10T14:00:00.000000000Z,1.15206,1.15307,1.15166,1.15258,1861
2019-01-10T15:00:00.000000000Z,1.15255,1.15274,1.1515,1.15226,2166
2019-01-10T16:00:00.000000000Z,1.1523,1.15234,1.15102,1.15166,1617
2019-01-10T17:00:00.000000000Z,1.15166,1.15183,1.14972,1.1506,2451
2019-01-10T18:00:00.000000000Z,1.15064,1.15136,1.14846,1.14982,2772
2019-01-10T19:00:00.000000000Z,1.14982,1.15058,1.14953,1.14996,1022
2019-01-10T20:00:00.000000000Z,1.14993,1.15004,1.14952,1.1498,598
2019-01-10T21:00:00.000000000Z,1.14982,1.15011,1.14976,1.15002,331
2019-01-10T22:00:00.000000000Z,1.14996,1.15012,1.14968,1.14987,750
2019-01-10T23:00:00.000000000Z,1.14988,1.15082,1.14965,1.15082,515
2019-01-11T00:00:00.000000000Z,1.15082,1.1517,1.1506,1.15116,702
2019-01-11T01:00:00.000000000Z,1.15115,1.15228,1.1507,1.15178,671
2019-01-11T02:00:00.000000000Z,1.15174,1.1525,1.15135,1.15222,460
2019-01-11T03:00:00.000000000Z,1.1522,1.15281,1.1519,1.15248,359
2019-01-11T04:00:00.000000000Z,1.15244,1.15301,1.15224,1.15288,341
2019-01-11T05:00:00.000000000Z,1.15289,1.1531,1.1522,1.15254,394
2019-01-11T06:00:00.000000000Z,1.15254,1.15294,1.15173,1.15228,647
2019-01-11T07:00:00.000000000Z,1.15232,1.15322,1.15216,1.15262,1125
2019-01-11T08:00:00.000000000Z,1.15259,1.15302,1.15176,1.15296,1426
2019-01-11T09:00:00.000000000Z,1.15299,1.15299,1.15166,1.152,1453
2019-01-11T10:00:00.000000000Z,1.152,1.15406,1.15156,1.15348,2057
2019-01-11T11:00:00.000000000Z,1.15348,1.15348,1.1519,1.1532,1831
2019-01-11T12:00:00.000000000Z,1.15316,1.15364,1.15222,1.15282,1127
2019-01-11T13:00:00.000000000Z,1.15284,1.15358,1.15202,1.15266,2508
2019-01-11T14:00:00.000000000Z,1.15264,1.1527,1.14582,1.147,5475
2019-01-11T15:00:00.000000000Z,1.14699,1.14812,1.14621,1.14778,2868
2019-01-11T16:00:00.000000000Z,1.14781,1.14796,1.14647,1.14783,1919
2019-01-11T17:00:00.000000000Z,1.14786,1.1486,1.14779,1.14826,1389
2019-01-11T18:00:00.000000000Z,1.14826,1.1484,1.14694,1.1471,863
2019-01-11T19:00:00.000000000Z,1.14714,1.14729,1.14634,1.14652,670
2019-01-11T20:00:00.000000000Z,1.14652,1.14657,1.14582,1.14628,846
2019-01-11T21:00:00.000000000Z,1.14624,1.14708,1.14602,1.14687,1103
2019-01-13T22:00:00.000000000Z,1.14609,1.14666,1.14592,1.1465,670
2019-01-13T23:00:00.000000000Z,1.1465,1.14685,1.14596,1.14599,503
2019-01-14T00:00:00.000000000Z,1.146,1.14664,1.146,1.1463,311
2019-01-14T01:00:00.000000000Z,1.14626,1.14773,1.14626,1.1476,344
2019-01-14T02:00:00.000000000Z,1.1476,1.14779,1.14667,1.14667,374
2019-01-14T03:00:00.000000000Z,1.14664,1.14722,1.14661,1.14685,475
2019-01-14T04:00:00.000000000Z,1.14688,1.14762,1.14688,1.14762,296
2019-01-14T05:00:00.000000000Z,1.14765,1.14814,1.14748,1.14787,298
2019-01-14T06:00:00.000000000Z,1.14787,1.14804,1.14688,1.14746,600
2019-01-14T07:00:00.000000000Z,1.14746,1.14813,1.14542,1.14798,2150
2019-01-14T08:00:00.000000000Z,1.14794,1.1482,1.1465,1.14752,1769
2019-01-14T09:00:00.000000000Z,1.14752,1.14799,1.14607,1.14624,1563
2019-01-14T10:00:00.000000000Z,1.14625,1.14659,1.14508,1.14618,1543
2019-01-14T11:00:00.000000000Z,1.14622,1.14736,1.14528,1.14704,2415
2019-01-14T12:00:00.000000000Z,1.14702,1.14716,1.14556,1.14682,1848
2019-01-14T13:00:00.000000000Z,1.14678,1.14704,1.14565,1.14596,1655
2019-01-14T14:00:00.000000000Z,1.14598,1.14685,1.14538,1.14655,1648
2019-01-14T15:00:00.000000000Z,1.14652,1.14805,1.14624,1.14673,2229
2019-01-14T16:00:00.000000000Z,1.1467,1.14796,1.1463,1.14791,1666
2019-01-14T17:00:00.000000000Z,1.14787,1.14799,1.14735,1.14767,1034
2019-01-14T18:00:00.000000000Z,1.14771,1.14771,1.14678,1.14698,672
2019-01-14T19:00:00.000000000Z,1.14702,1.14711,1.14648,1.14656,752
2019-01-14T20:00:00.000000000Z,1.14652,1.14704,1.14636,1.14688,490
2019-01-14T21:00:00.000000000Z,1.14688,1.14705,1.14674,1.14684,263
2019-01-14T22:00:00.000000000Z,1.14684,1.14716,1.14652,1.14678,739
2019-01-14T23:00:00.000000000Z,1.14685,1.14728,1.14682,1.14726,414
2019-01-15T00:00:00.000000000Z,1.14723,1.14778,1.14718,1.14768,306
2019-01-15T01:00:00.000000000Z,1.14768,1.14898,1.14726,1.14848,754
2019-01-15T02:00:00.000000000Z,1.14852,1.14895,1.14815,1.14836,415
2019-01-15T03:00:00.000000000Z,1.1484,1.14864,1.14817,1.14852,345
2019-01-15T04:00:00.000000000Z,1.14848,1.14848,1.14786,1.14802,213
2019-01-15T05:00:00.000000000Z,1.14802,1.14834,1.14761,1.14834,427
2019-01-15T06:00:00.000000000Z,1.14834,1.14834,1.14721,1.14762,491
2019-01-15T07:00:00.000000000Z,1.14762,1.1483,1.14694,1.14706,1197
2019-01-15T08:00:00.000000000Z,1.14702,1.14742,1.14532,1.14612,1923
2019-01-15T09:00:00.000000000Z,1.14608,1.14634,1.14234,1.14336,2728
2019-01-15T10:00:00.000000000Z,1.14332,1.14394,1.14244,1.14294,1660
2019-01-15T11:00:00.000000000Z,1.14298,1.1436,1.14244,1.14316,1472
2019-01-15T12:00:00.000000000Z,1.14313,1.14348,1.14122,1.143,2049
2019-01-15T13:00:00.000000000Z,1.14302,1.1444,1.14176,1.14384,2384
2019-01-15T14:00:00.000000000Z,1.14388,1.1455,1.14351,1.14544,1970
2019-01-15T15:00:00.000000000Z,1.14544,1.1455,1.14292,1.14392,2517
2019-01-15T16:00:00.000000000Z,1.14396,1.14406,1.13838,1.13926,4816
2019-01-15T17:00:00.000000000Z,1.13922,1.14007,1.13831,1.139,2180
2019-01-15T18:00:00.000000000Z,1.13899,1.13899,1.13822,1.1387,1486
2019-01-15T19:00:00.000000000Z,1.13872,1.14026,1.1384,1.14015,3984
2019-01-15T20:00:00.000000000Z,1.14018,1.14176,1.13996,1.14132,2676
2019-01-15T21:00:00.000000000Z,1.14137,1.1416,1.14083,1.1413,397
2019-01-15T22:00:00.000000000Z,1.14114,1.14118,1.1404,1.14064,530
2019-01-15T23:00:00.000000000Z,1.1406,1.14146,1.1406,1.14142,363
2019-01-16T00:00:00.000000000Z,1.14138,1.14144,1.14056,1.14108,524
2019-01-16T01:00:00.000000000Z,1.14111,1.14127,1.13969,1.13982,632
2019-01-16T02:00:00.000000000Z,1.13984,1.14034,1.13962,1.14012,395
2019-01-16T03:00:00.000000000Z,1.14009,1.14043,1.13968,1.1403,384
2019-01-16T04:00:00.000000000Z,1.14028,1.14112,1.14028,1.14105,524
2019-01-16T05:00:00.000000000Z,1.14104,1.14154,1.14075,1.14118,472
2019-01-16T06:00:00.000000000Z,1.14116,1.14137,1.1397,1.13982,684
2019-01-16T07:00:00.000000000Z,1.13982,1.14108,1.13915,1.13938,1675
2019-01-16T08:00:00.000000000Z,1.13942,1.14219,1.13932,1.14215,2240
2019-01-16T09:00:00.000000000Z,1.14216,1.14248,1.14086,1.14104,1569
2019-01-16T10:00:00.000000000Z,1.14102,1.14114,1.13996,1.14,992
2019-01-16T11:00:00.000000000Z,1.13999,1.1402,1.13779,1.1378,1526
2019-01-16T12:00:00.000000000Z,1.13781,1.1397,1.1378,1.13868,1663
2019-01-16T13:00:00.000000000Z,1.13871,1.13961,1.13848,1.13903,1519
2019-01-16T14:00:00.000000000Z,1.13904,1.14033,1.13904,1.13976,1652
2019-01-16T15:00:00.000000000Z,1.13972,1.1404,1.13922,1.13943,1907
2019-01-16T16:00:00.000000000Z,1.13944,1.14108,1.1394,1.14076,1447
2019-01-16T17:00:00.000000000Z,1.14072,1.14078,1.13962,1.13997,1128
2019-01-16T18:00:00.000000000Z,1.13993,1.141,1.1399,1.1407,606
2019-01-16T19:00:00.000000000Z,1.14075,1.14098,1.1397,1.13976,1314
2019-01-16T20:00:00.000000000Z,1.13977,1.14026,1.13922,1.13922,1199
2019-01-16T21:00:00.000000000Z,1.13923,1.13965,1.139,1.13914,365
2019-01-16T22:00:00.000000000Z,1.1394,1.13979,1.13922,1.13948,901
2019-01-16T23:00:00.000000000Z,1.13948,1.14002,1.13948,1.13996,289
2019-01-17T00:00:00.000000000Z,1.13992,1.13994,1.13948,1.13982,372
2019-01-17T01:00:00.000000000Z,1.13982,1.14008,1.13942,1.13942,506
2019-01-17T02:00:00.000000000Z,1.13944,1.13965,1.13885,1.13902,483
2019-01-17T03:00:00.000000000Z,1.13906,1.13912,1.13862,1.13885,288
2019-01-17T04:00:00.000000000Z,1.13888,1.13898,1.13824,1.13828,426
2019-01-17T05:00:00.000000000Z,1.13824,1.13878,1.13793,1.13878,355
2019-01-17T06:00:00.000000000Z,1.13876,1.1392,1.13844,1.13874,561
2019-01-17T07:00:00.000000000Z,1.13874,1.13942,1.13712,1.13882,1954
2019-01-17T08:00:00.000000000Z,1.13878,1.13985,1.13826,1.13959,1687
2019-01-17T09:00:00.000000000Z,1.13962,1.14018,1.13916,1.1394,1100
2019-01-17T10:00:00.000000000Z,1.13936,1.14016,1.13888,1.14,1092
2019-01-17T11:00:00.000000000Z,1.14002,1.14053,1.13956,1.13996,1248
2019-01-17T12:00:00.000000000Z,1.13998,1.1406,1.13988,1.14014,867
2019-01-17T13:00:00.000000000Z,1.14017,1.14048,1.13827,1.1398,2260
2019-01-17T14:00:00.000000000Z,1.13976,1.14006,1.1385,1.13869,1576
2019-01-17T15:00:00.000000000Z,1.13866,1.13942,1.13702,1.13806,2072
2019-01-17T16:00:00.000000000Z,1.13809,1.13932,1.13776,1.13851,1677
2019-01-17T17:00:00.000000000Z,1.13854,1.13893,1.13826,1.13864,783
2019-01-17T18:00:00.000000000Z,1.1386,1.13945,1.13808,1.13816,981
2019-01-17T19:00:00.000000000Z,1.13815,1.14006,1.138,1.13898,2619
2019-01-17T20:00:00.000000000Z,1.13894,1.13926,1.13856,1.13912,1148
2019-01-17T21:00:00.000000000Z,1.13912,1.13928,1.1388,1.13892,243
2019-01-17T22:00:00.000000000Z,1.13884,1.1393,1.13867,1.13881,714
2019-01-17T23:00:00.000000000Z,1.1388,1.13927,1.13879,1.13922,287
2019-01-18T00:00:00.000000000Z,1.13922,1.13954,1.13882,1.13943,421
2019-01-18T01:00:00.000000000Z,1.13939,1.13998,1.13921,1.13951,588
2019-01-18T02:00:00.000000000Z,1.13949,1.13974,1.13908,1.13946,513
2019-01-18T03:00:00.000000000Z,1.13946,1.13971,1.13938,1.1394,471
2019-01-18T04:00:00.000000000Z,1.13942,1.13972,1.13922,1.13938,319
2019-01-18T05:00:00.000000000Z,1.13934,1.1394,1.13869,1.13891,298
2019-01-18T06:00:00.000000000Z,1.13891,1.13972,1.13884,1.13954,484
2019-01-18T07:00:00.000000000Z,1.13958,1.13992,1.139,1.13918,1026
2019-01-18T08:00:00.000000000Z,1.13916,1.1401,1.13886,1.1396,1361
2019-01-18T09:00:00.000000000Z,1.13959,1.14008,1.13928,1.1398,1138
2019-01-18T10:00:00.000000000Z,1.13981,1.14096,1.13981,1.14069,1214
2019-01-18T11:00:00.000000000Z,1.14066,1.14102,1.1403,1.14045,677
2019-01-18T12:00:00.000000000Z,1.14046,1.14104,1.14014,1.14028,943
2019-01-18T13:00:00.000000000Z,1.14028,1.14064,1.13966,1.13977,1262
2019-01-18T14:00:00.000000000Z,1.13978,1.14006,1.13739,1.13742,2256
2019-01-18T15:00:00.000000000Z,1.13742,1.13824,1.13604,1.1367,3778
2019-01-18T16:00:00.000000000Z,1.13674,1.1368,1.13532,1.1362,1740
2019-01-18T17:00:00.000000000Z,1.13622,1.1364,1.13567,1.13584,790
2019-01-18T18:00:00.000000000Z,1.13586,1.13685,1.1358,1.13652,656
2019-01-18T19:00:00.000000000Z,1.13656,1.13722,1.13631,1.137,799
2019-01-18T20:00:00.000000000Z,1.13699,1.137,1.13624,1.13651,686
2019-01-18T21:00:00.000000000Z,1.13647,1.13661,1.13602,1.1362,477
