2015.06.04,00:00,1731.75,1741.75,1731.25,1741.25,559
2015.06.05,00:00,1741,1745.75,1721.5,1741.5,1782
2015.06.08,00:00,1745,1747,1735.25,1739,400
2015.06.10,00:00,1760,1762.5,1750.75,1754.25,282
2015.06.11,00:00,1757.25,1759.25,1726.25,1741.5,2122
2015.06.12,00:00,1743.75,1745.75,1728.75,1732.5,1800
2015.06.15,00:00,1733.5,1735.25,1688,1709.75,2127
2015.06.16,00:00,1710.5,1717.75,1692.5,1700.25,1932
2015.06.17,00:00,1698.75,1714.75,1694.75,1699,1707
2015.06.18,00:00,1700.75,1722,1694.25,1699.25,1816
2015.06.19,00:00,1700.25,1704.75,1682.5,1691.75,1761
2015.06.22,00:00,1691.5,1703,1685.5,1701.5,1336
2015.06.23,00:00,1702,1731.5,1700.5,1720.25,1860
2015.06.24,00:00,1719.5,1731.25,1702,1708.25,1943
2015.06.25,00:00,1712,1724.75,1701,1715.75,1907
2015.06.26,00:00,1716.25,1720.5,1698.75,1702,1238
2015.06.29,00:00,1698.25,1700.25,1672.25,1694,1878
2015.06.30,00:00,1695.5,1696.75,1675.75,1686.25,2183
2015.07.01,00:00,1689.5,1731.25,1676.25,1723,2270
2015.07.02,00:00,1721.5,1739.25,1717,1718,1806
2015.07.03,00:00,1715.5,1725,1700.75,1704.75,1412
2015.07.06,00:00,1688.25,1697.25,1677.75,1690,2613
2015.07.07,00:00,1691,1696.75,1639.25,1666,2901
2015.07.08,00:00,1667,1673.75,1625.75,1666.25,3070
2015.07.09,00:00,1668.75,1696.25,1661.25,1692.5,2582
2015.07.10,00:00,1689.5,1697.75,1680.5,1690.25,1735
2015.07.13,00:00,1688.5,1707.5,1680.5,1703.5,2374
2015.07.14,00:00,1702.5,1703.5,1686.75,1700.25,1729
2015.07.15,00:00,1701.25,1724.25,1697.25,1708.5,2100
2015.07.16,00:00,1709,1722.25,1701.5,1707.25,1888
2015.07.17,00:00,1710.75,1712,1691,1695.25,1394
2015.07.20,00:00,1696.25,1696.5,1675.75,1682,1536
2015.07.21,00:00,1683,1685.5,1656.5,1658.25,1659
2015.07.22,00:00,1658.5,1667,1646.25,1653,1992
2015.07.23,00:00,1652.75,1663.25,1633,1634.5,1992
2015.07.24,00:00,1633.75,1644.75,1627.75,1636.5,2008
2015.07.27,00:00,1638.5,1647.5,1628.25,1637.5,1687
2015.07.28,00:00,1639,1660.5,1638.5,1655.25,1596
2015.07.29,00:00,1660.75,1663.25,1650.75,1658.25,1591
2015.07.30,00:00,1654.5,1660.5,1632,1635.25,1764
2015.07.31,00:00,1637.75,1638,1609.75,1615.5,1909
2015.08.03,00:00,1611.5,1618.25,1597.75,1606,2346
2015.08.04,00:00,1608,1621.25,1600.25,1613.5,1712
2015.08.05,00:00,1611.5,1612.75,1587.25,1591.5,1365
2015.08.06,00:00,1594.25,1597.25,1571.5,1586.75,1440
2015.08.07,00:00,1585.25,1598.25,1578.25,1580.5,1498
2015.08.10,00:00,1580.75,1618.75,1578.5,1609.75,1848
2015.08.11,00:00,1605.5,1609.5,1569.25,1580.5,2596
2015.08.12,00:00,1581.25,1592.75,1548.75,1581,2274
2015.08.13,00:00,1582.5,1587.75,1563.75,1566.75,1674
2015.08.14,00:00,1567.75,1579.25,1563.25,1570.5,1344
2015.08.17,00:00,1571,1577.25,1550.25,1559.25,1417
2015.08.18,00:00,1561,1568.25,1544.5,1545.5,1973
2015.08.19,00:00,1547.75,1560.75,1544.75,1550.25,1760
2015.08.20,00:00,1550.5,1579.25,1549.5,1562,1772
2015.08.21,00:00,1568.75,1576.5,1536.5,1540.75,2005
2015.08.24,00:00,1539.25,1544.5,1501.25,1525,3162
2015.08.25,00:00,1522.5,1558,1520.75,1555,2922
2015.08.26,00:00,1552.75,1552.75,1520.5,1530.75,2291
2015.08.27,00:00,1533,1565.25,1529,1552.25,2708
2015.08.28,00:00,1555.75,1611,1555.5,1597,2917
2015.09.01,00:00,1597.5,1608.75,1562.75,1594.5,2812
2015.09.02,00:00,1589,1604.25,1578,1592.75,2081
2015.09.03,00:00,1596.5,1635.5,1590.5,1624.25,2289
2015.09.04,00:00,1623.75,1631,1600.5,1605.75,2130
2015.09.07,00:00,1608.25,1621.5,1590.25,1592.75,1717
2015.09.08,00:00,1599,1630.25,1588,1626.75,2003
2015.09.09,00:00,1627.5,1650.5,1623,1623.75,2551
2015.09.10,00:00,1621.25,1633.75,1617.75,1632.25,1992
2015.09.11,00:00,1631.75,1638.25,1625.75,1636.75,1675
2015.09.14,00:00,1635.5,1638.25,1610,1610.75,2055
2015.09.15,00:00,1617.75,1618.5,1585.5,1612.75,2351
2015.09.16,00:00,1612.5,1624.5,1602.5,1618.5,1637
2015.09.17,00:00,1624,1630.5,1607.75,1626.25,1854
2015.09.18,00:00,1627,1641.5,1611.5,1620.5,1774
2015.09.21,00:00,1618.75,1626.5,1603.5,1608,2237
2015.09.22,00:00,1609.25,1609.75,1579.5,1582.75,2101
2015.09.23,00:00,1580.75,1590.25,1568.5,1569.5,1905
2015.09.24,00:00,1571.5,1582.25,1565.75,1577.75,2088
2015.09.25,00:00,1575.75,1582.25,1560.25,1562.25,1935
2015.09.28,00:00,1563.25,1572.5,1536.75,1551,2153
2015.09.29,00:00,1547.75,1563.25,1537.25,1559.5,2059
2015.09.30,00:00,1563,1576.5,1560.5,1569,2343
2015.10.01,00:00,1569.25,1592.75,1554.75,1558,2082
2015.10.02,00:00,1562.5,1564.75,1540.25,1557.5,1764
2015.10.05,00:00,1564.25,1570.5,1547,1557.75,1962
2015.10.06,00:00,1561.25,1568.75,1542.75,1553.25,2052
2015.10.07,00:00,1552.5,1586.75,1550.5,1570.5,2113
2015.10.08,00:00,1572.5,1573.75,1549.75,1557,2180
2015.10.09,00:00,1567.25,1640.75,1566,1604.75,4500
2015.10.12,00:00,1609.25,1626.75,1589,1589.75,2468
2015.10.13,00:00,1591.25,1593,1567.75,1586.25,2642
2015.10.14,00:00,1586.75,1590.75,1576.5,1589,1942
2015.10.15,00:00,1587.5,1595.25,1559.5,1570.5,2362
2015.10.16,00:00,1574.5,1574.75,1556.25,1568.25,2116
2015.10.19,00:00,1563,1565.25,1537.25,1542.75,1911
2015.10.20,00:00,1542.5,1546,1527.5,1537.25,2397
2015.10.21,00:00,1537.5,1538.5,1508,1509.25,2254
2015.10.22,00:00,1513.5,1521.75,1483.25,1485.5,2552
2015.10.23,00:00,1486.25,1534.25,1474.25,1492.75,3623
2015.10.26,00:00,1493,1510.5,1472.25,1473,2325
2015.10.27,00:00,1477,1488.5,1471,1474.5,2040
2015.10.28,00:00,1475.25,1487.75,1455.25,1480,2228
2015.10.29,00:00,1475,1481.25,1457.25,1467.5,2618
2015.10.30,00:00,1468.25,1476.75,1462.5,1475,2038
2015.11.02,00:00,1472,1492.75,1469.25,1484.75,2051
2015.11.03,00:00,1489,1511.5,1481.25,1502,2597
2015.11.04,00:00,1501,1512.25,1492,1492.5,2486
2015.11.05,00:00,1497.25,1502.75,1480.75,1500,2516
2015.11.06,00:00,1500.75,1526.5,1492.75,1521,3205
2015.11.09,00:00,1517.5,1524.5,1502.25,1504,2415
2015.11.10,00:00,1501.25,1502.75,1477,1502,3027
2015.11.11,00:00,1490.25,1518,1479.25,1510,2426
2015.11.12,00:00,1501.5,1522.75,1482.5,1487.5,2944
2015.11.13,00:00,1489.5,1497.75,1481.75,1486.5,2361
2015.11.16,00:00,1483,1489,1460.75,1463.75,2522
2015.11.17,00:00,1469,1478.5,1451.75,1468.75,2811
2015.11.18,00:00,1464,1478,1453.75,1465.5,2390
2015.11.19,00:00,1467.5,1471,1448.75,1464.25,3081
2015.11.20,00:00,1467.5,1495.75,1430.5,1444.75,3982
2015.11.23,00:00,1436.75,1447,1427.25,1429.75,3140
2015.11.24,00:00,1432.5,1453.5,1430.75,1443.5,3305
2015.11.25,00:00,1449,1468.5,1432.75,1452.5,2758
2015.11.26,00:00,1465.75,1509.75,1465.5,1507.25,4332
2015.11.27,00:00,1514.5,1522,1444.5,1447.25,3918
2015.11.30,00:00,1462.5,1463.5,1440.25,1442.5,3675
2015.12.01,00:00,1443,1472.75,1433.75,1470.25,3123
2015.12.02,00:00,1471.25,1487.25,1458.5,1471.75,2840
2015.12.03,00:00,1474.5,1479.75,1455.5,1479.5,2689
2015.12.04,00:00,1475.5,1518,1468.75,1512.75,3401
2015.12.07,00:00,1506.75,1514,1478.75,1479.5,2762
2015.12.08,00:00,1481.25,1489.75,1457.25,1468.75,2411
2015.12.09,00:00,1471.75,1498.25,1471.75,1482.5,2596
2015.12.10,00:00,1486.25,1490.5,1469.25,1482.75,2400
2015.12.11,00:00,1483.75,1505.75,1475.5,1476.75,2938
2015.12.14,00:00,1481.5,1489.75,1470.25,1484.5,1923
2015.12.15,00:00,1484,1485.5,1464.75,1471.5,2209
2015.12.16,00:00,1471,1493.25,1462.25,1486.5,2166
2015.12.17,00:00,1487.75,1491,1462.5,1470.75,1801
2015.12.18,00:00,1469.5,1502,1469.5,1497,2470
2015.12.21,00:00,1499.5,1518.75,1496,1513.25,1933
2015.12.22,00:00,1510.75,1514.75,1498.25,1503,1922
2015.12.23,00:00,1504.75,1538.5,1502.25,1536.25,1972
2015.12.24,00:00,1536.5,1558.75,1527.75,1534.75,1481
2015.12.29,00:00,1504.25,1544.5,1492.5,1521.25,2870
2015.12.30,00:00,1524,1530.5,1505.5,1527.5,2389
2015.12.31,00:00,1523.5,1530,1498.25,1501.25,1508
2016.01.04,00:00,1509.75,1509.75,1459.25,1468.5,3212
2016.01.05,00:00,1469.25,1493.25,1457.75,1464.5,2226
2016.01.06,00:00,1463.5,1473.75,1451.75,1473.25,1998
2016.01.07,00:00,1468.25,1478.75,1446.5,1463.5,2997
2016.01.08,00:00,1466,1491,1459.5,1486.5,2846
2016.01.11,00:00,1480.75,1487,1452,1458.75,2337
2016.01.12,00:00,1460.75,1465.5,1444.75,1446.5,2360
2016.01.13,00:00,1448.25,1460.75,1446.25,1454,2032
2016.01.14,00:00,1451.5,1480,1450.25,1476,2720
2016.01.15,00:00,1479.25,1479.5,1460.75,1466.75,2127
2016.01.18,00:00,1466.5,1488.75,1460.25,1478,2165
2016.01.19,00:00,1478.25,1504,1474.25,1476,2686
2016.01.20,00:00,1477.25,1478.25,1459.25,1462.75,1834
2016.01.21,00:00,1470.75,1476.75,1453.5,1476.25,2127
2016.01.22,00:00,1474.5,1496.25,1470.75,1479,2230
2016.01.25,00:00,1479.5,1482,1468.5,1474,1591
2016.01.26,00:00,1474.75,1490,1464.25,1487,1752
2016.01.27,00:00,1486,1522.75,1486,1522.75,2208
2016.01.28,00:00,1515.25,1523.75,1503.75,1508.5,2137
2016.01.29,00:00,1507.75,1532.5,1506.25,1512.5,1804
2016.02.01,00:00,1507.75,1519.5,1498.25,1518.75,1885
2016.02.02,00:00,1514,1526.25,1496.5,1497.25,2127
2016.02.03,00:00,1494.75,1520.5,1493.75,1516.5,1634
2016.02.04,00:00,1517.25,1539.5,1517.25,1531,1685
2016.02.05,00:00,1527.75,1532.75,1493.25,1494.75,2186
2016.02.08,00:00,1498.5,1509.5,1488.25,1497.75,2134
2016.02.09,00:00,1499.5,1515.5,1475.5,1478.25,2145
2016.02.10,00:00,1480.5,1493.75,1471.25,1479.75,1874
2016.02.11,00:00,1485.75,1495.75,1477.25,1478,2118
2016.02.12,00:00,1481.25,1499,1481.25,1493.25,1615
2016.02.15,00:00,1506.5,1519.75,1500.75,1501.75,2114
2016.02.16,00:00,1508.25,1532.75,1508.25,1521.25,2636
2016.02.17,00:00,1524.25,1527.75,1505.25,1521,1927
2016.02.18,00:00,1518.5,1523.25,1506.75,1514.75,1900
2016.02.19,00:00,1517.5,1547.25,1516.5,1543,1934
2016.02.22,00:00,1543.75,1575.5,1541.5,1568.5,1978
2016.02.23,00:00,1566.5,1576.75,1538,1541,2385
2016.02.24,00:00,1547,1569.75,1533.75,1563.5,2300
2016.02.25,00:00,1565.25,1573.75,1548.5,1551,1927
2016.02.26,00:00,1553.25,1577,1551.25,1552.25,2538
2016.02.29,00:00,1557.5,1583.5,1556.25,1570,2353
2016.03.01,00:00,1565.75,1581.75,1552.25,1572.25,2103
2016.03.02,00:00,1576.5,1588.5,1571.25,1585.5,2077
2016.03.03,00:00,1583.25,1590.25,1567.5,1570.25,1896
2016.03.04,00:00,1575.5,1591.75,1561.5,1579.5,2592
2016.03.07,00:00,1584.5,1599.75,1567.75,1594.25,2459
2016.03.08,00:00,1590.75,1592.75,1551.25,1559.5,2779
2016.03.09,00:00,1563.5,1575.75,1554.25,1573.5,2916
2016.03.10,00:00,1572.5,1574.75,1543.5,1554.25,2963
2016.03.11,00:00,1559.25,1567.5,1550.5,1558.5,2404
2016.03.14,00:00,1557.25,1567.5,1531.25,1534.75,2140
2016.03.15,00:00,1536.25,1541,1511.25,1511.25,2059
2016.03.16,00:00,1517.25,1519.75,1503.25,1508.25,1763
2016.03.17,00:00,1517,1538.25,1509,1528.75,3005
2016.03.18,00:00,1525,1537.25,1503.75,1513.5,2597
2016.03.21,00:00,1512,1524.5,1506.75,1507.75,2537
2016.03.22,00:00,1509,1513.5,1489.25,1496.25,1961
2016.03.23,00:00,1498.5,1501.25,1472.5,1475.75,1790
2016.03.24,00:00,1476,1487.5,1470.75,1474.25,2025
2016.03.29,00:00,1482.5,1498.75,1474.25,1491.5,2182
2016.03.30,00:00,1491.75,1503.75,1480.75,1492.5,1936
2016.03.31,00:00,1493.25,1516.5,1486.75,1511.5,2023
2016.04.01,00:00,1512.75,1542.25,1508.5,1533.5,2293
2016.04.04,00:00,1534,1542.5,1523.75,1530,1638
2016.04.05,00:00,1531.25,1537.5,1515,1516.25,1554
2016.04.06,00:00,1519,1522.5,1490.75,1508.25,1798
2016.04.07,00:00,1509.75,1518.5,1491.5,1498.25,2256
2016.04.08,00:00,1494.5,1522.75,1491.5,1520,1946
2016.04.11,00:00,1514.25,1521.25,1500.25,1501.75,1658
2016.04.12,00:00,1498,1533.25,1496.5,1527.75,2633
2016.04.13,00:00,1531.5,1563.75,1525.5,1552.25,3011
2016.04.14,00:00,1551,1565.25,1539.25,1550.75,2358
2016.04.15,00:00,1551.5,1554.75,1537.75,1550.25,1821
2016.04.18,00:00,1541.5,1564.25,1537,1557.5,2213
2016.04.19,00:00,1560.5,1582.75,1557.75,1582.75,2578
2016.04.20,00:00,1579,1620.25,1574.5,1618,2532
2016.04.21,00:00,1619.5,1641.25,1607.5,1632,4261
2016.04.22,00:00,1631.5,1662.25,1623.25,1643.75,2840
2016.04.25,00:00,1644.75,1653.75,1626.75,1650.75,2920
2016.04.26,00:00,1646.25,1650.75,1628.5,1637.5,2474
2016.04.27,00:00,1638.75,1647,1620.25,1641.5,3120
2016.04.28,00:00,1641.75,1662.5,1627.25,1658.25,2315
2016.04.29,00:00,1658.5,1681.25,1652.5,1673.75,2365
2016.05.03,00:00,1666.75,1679.25,1619.5,1633.5,3683
2016.05.04,00:00,1630,1643.75,1619.25,1628.5,2953
2016.05.05,00:00,1629,1631.75,1599.75,1603.75,3009
2016.05.06,00:00,1600.5,1611.75,1587.75,1592.25,2767
2016.05.09,00:00,1590.75,1591.5,1553,1554.75,2967
2016.05.10,00:00,1556.5,1562.25,1546.75,1552.5,2030
2016.05.11,00:00,1556,1573.25,1555.5,1558.25,2450
2016.05.12,00:00,1561.75,1576.75,1533.5,1542.5,2982
2016.05.13,00:00,1543.75,1547,1526.5,1532.75,2597
2016.05.16,00:00,1533,1551.75,1531.25,1546.25,2683
2016.05.17,00:00,1545.5,1558.75,1536.25,1540.25,2380
2016.05.18,00:00,1542.25,1552.75,1529,1549,1978
2016.05.19,00:00,1539.5,1547.75,1533.5,1543.5,2596
2016.05.20,00:00,1542.75,1572.25,1538.75,1543,2323
2016.05.23,00:00,1542,1556,1527.25,1546.75,1958
2016.05.24,00:00,1545,1562.5,1538,1551.75,2404
2016.05.25,00:00,1552.25,1556.5,1534.25,1540.25,2290
2016.05.26,00:00,1539.5,1559.25,1531.5,1548.25,2214
2016.05.27,00:00,1551.75,1558.75,1540.75,1549.75,1963
2016.05.31,00:00,1548.5,1557.25,1541.25,1548.75,2013
2016.06.01,00:00,1549,1575,1543.25,1566.25,2414
2016.06.02,00:00,1564.5,1577.5,1533.25,1534.25,3364
2016.06.03,00:00,1537,1562.25,1533.75,1537.75,2775
2016.06.06,00:00,1552.5,1554.75,1544.25,1546.75,1072
2016.06.07,00:00,1548.5,1561.75,1537.5,1560,2937
2016.06.08,00:00,1559.75,1607.75,1557.25,1596.25,3274
2016.06.09,00:00,1597.25,1618,1570.75,1576.75,3705
2016.06.10,00:00,1575,1588.75,1566,1567,2441
2016.06.13,00:00,1568,1601.5,1558,1596.25,3207
2016.06.14,00:00,1596.5,1607.5,1588.75,1601.5,2736
2016.06.15,00:00,1600.5,1626.25,1596.25,1624,2680
2016.06.16,00:00,1623,1623,1591.25,1603.75,2968
2016.06.17,00:00,1603.5,1618.75,1599.25,1608.75,2663
2016.06.20,00:00,1612.5,1632.75,1610,1629.5,1803
2016.06.21,00:00,1626.75,1636.5,1616.5,1630.25,2082
2016.06.22,00:00,1629,1634.75,1621.5,1627.25,2097
2016.06.23,00:00,1625,1637.25,1623,1634.75,1760
2016.06.24,00:00,1631.5,1632,1587.5,1610.75,4370
2016.06.27,00:00,1607,1617.75,1590.25,1593.75,2863
2016.06.28,00:00,1593,1627.75,1592.75,1621.5,2597
2016.06.29,00:00,1624.25,1633.5,1613.25,1628.75,2469
2016.06.30,00:00,1630.75,1648.75,1624.25,1643.25,2625
2016.07.01,00:00,1640.25,1659.75,1637.25,1655,2722
2016.07.04,00:00,1656.25,1666.75,1639.25,1639.25,2823
2016.07.05,00:00,1641.25,1653,1622.75,1646.5,4239
2016.07.06,00:00,1646.25,1656.5,1626,1651,3617
2016.07.07,00:00,1649.25,1653.25,1633.25,1633.25,2840
2016.07.08,00:00,1634.5,1667.25,1631.5,1653.25,2973
2016.07.11,00:00,1656,1666,1641.25,1644.75,2151
2016.07.12,00:00,1645,1673.25,1640.5,1671.25,2451
2016.07.13,00:00,1670,1682.75,1661.5,1668.75,2841
2016.07.14,00:00,1668.25,1683.25,1662.75,1677,2343
2016.07.15,00:00,1675,1697.75,1659.25,1660.75,2914
2016.07.18,00:00,1662.5,1668,1646.5,1654.75,2410
2016.07.19,00:00,1655.75,1658.25,1630.25,1636.5,2450
2016.07.20,00:00,1639,1643.5,1606.25,1620.25,3053
2016.07.21,00:00,1619,1627.5,1593.25,1595.75,2352
2016.07.22,00:00,1596.75,1616.5,1594.75,1606.25,2182
2016.07.25,00:00,1606.5,1614.5,1591.75,1599.75,1786
2016.07.26,00:00,1603.25,1607.25,1587.25,1592,2423
2016.07.27,00:00,1594.5,1596.75,1583.75,1588.75,2114
2016.07.28,00:00,1590.75,1606,1587.75,1601.75,2325
2016.07.29,00:00,1603.5,1637.25,1600.75,1634.25,2971
2016.08.01,00:00,1635.5,1657.75,1623.5,1628.25,2819
2016.08.02,00:00,1627.5,1647,1619.25,1619.25,2489
2016.08.03,00:00,1620.5,1643.25,1608.75,1637.25,2734
2016.08.04,00:00,1637.75,1638.75,1614.25,1621.25,2779
2016.08.05,00:00,1619,1643.75,1619,1641,2723
2016.08.08,00:00,1642.25,1653.75,1630.75,1639.5,1914
2016.08.09,00:00,1635.75,1641.25,1629.25,1636.25,1698
2016.08.10,00:00,1637.75,1661.5,1636.25,1636.75,2220
2016.08.11,00:00,1639.25,1651.5,1637,1650.75,1777
2016.08.12,00:00,1645.75,1652.5,1635.25,1645.25,2167
2016.08.15,00:00,1649,1672.75,1641.75,1672,2036
2016.08.16,00:00,1669.25,1687.5,1665.25,1684.25,2165
2016.08.17,00:00,1684.75,1692.25,1678.25,1688.75,2087
2016.08.18,00:00,1688.25,1703.75,1675.5,1682,2259
2016.08.19,00:00,1675.5,1682.5,1650.75,1662.25,3000
2016.08.22,00:00,1663.5,1663.5,1649.75,1660.5,2077
2016.08.23,00:00,1659.5,1668.75,1656,1663.75,1662
2016.08.24,00:00,1664,1667.25,1637.75,1641.75,1981
2016.08.25,00:00,1643.5,1648.5,1627.25,1639.25,1821
2016.08.26,00:00,1641.25,1649.25,1634.25,1638.75,2118
2016.08.30,00:00,1641.5,1642.5,1620.75,1627.5,1788
2016.08.31,00:00,1627.25,1629.75,1606.25,1610.75,2129
2016.09.01,00:00,1608.75,1618.25,1594,1612.5,2223
2016.09.02,00:00,1612.25,1615,1588.25,1588.5,2227
2016.09.05,00:00,1596,1598.5,1570.25,1576,2240
2016.09.06,00:00,1576.75,1588.75,1574.25,1583.75,2105
2016.09.07,00:00,1586.5,1600.25,1584.25,1586.25,1939
2016.09.08,00:00,1587.25,1590.5,1576.25,1586.25,1757
2016.09.09,00:00,1585,1588.25,1570.25,1571.75,1518
2016.09.12,00:00,1571,1573,1559.25,1565.5,2006
2016.09.13,00:00,1566.5,1573.25,1554.5,1558.5,2243
2016.09.14,00:00,1560.25,1586.25,1555.5,1583.25,2655
2016.09.15,00:00,1581.5,1591.75,1558.75,1567.25,2475
2016.09.16,00:00,1568,1584.75,1560.75,1571.5,2274
2016.09.19,00:00,1571.75,1579.25,1565.25,1579.25,1823
2016.09.20,00:00,1576.25,1582.75,1569.75,1571.25,1866
2016.09.21,00:00,1570.25,1581.5,1569.25,1578.75,1910
2016.09.22,00:00,1583.25,1627.25,1583.25,1623.75,2681
2016.09.23,00:00,1626.25,1647.25,1621.75,1633.25,3055
2016.09.26,00:00,1631.75,1660.75,1613,1659.25,2860
2016.09.27,00:00,1651.75,1667.5,1635.25,1644.75,2917
2016.09.28,00:00,1642.5,1661.25,1639,1660.75,2095
2016.09.29,00:00,1660.5,1669.25,1651.5,1662.5,1935
2016.09.30,00:00,1662.75,1669.75,1651.5,1666.25,2009
2016.10.03,00:00,1666,1673.75,1652.75,1671.25,2049
2016.10.04,00:00,1672.5,1674.25,1661,1666,2096
2016.10.05,00:00,1664,1672.5,1656.75,1668,1555
2016.10.06,00:00,1665.75,1673.75,1660.25,1671.75,1631
2016.10.07,00:00,1673.75,1677.25,1667.5,1670.25,1440
2016.10.10,00:00,1670.5,1685.75,1666.25,1685.75,2326
2016.10.11,00:00,1681.75,1687.75,1660.5,1677.5,2947
2016.10.12,00:00,1676,1684.75,1666.5,1677.75,1661
2016.10.13,00:00,1675.25,1688.75,1670.25,1687,3082
2016.10.14,00:00,1686.75,1689.25,1664,1668.25,1814
2016.10.17,00:00,1668,1668.75,1642.25,1659.5,2406
2016.10.18,00:00,1659.75,1677.25,1632.5,1640,2678
2016.10.19,00:00,1640.75,1649.75,1614.75,1627.75,2828
2016.10.20,00:00,1627.5,1630.75,1603,1611.25,2485
2016.10.21,00:00,1611,1624.25,1608.75,1620.75,2523
2016.10.24,00:00,1622.75,1633.25,1620.75,1629,2287
2016.10.25,00:00,1630,1680.75,1629.75,1669.5,4703
2016.10.26,00:00,1664.75,1679.75,1661.25,1678.5,3127
2016.10.27,00:00,1677.25,1696,1666.5,1693.25,2862
2016.10.28,00:00,1690,1713.75,1689.25,1711,2534
2016.10.31,00:00,1714.75,1732.25,1704.25,1732.25,2495
2016.11.01,00:00,1725.25,1734.75,1712.5,1727.75,3251
2016.11.02,00:00,1724.75,1726.75,1691.5,1712.25,4178
2016.11.03,00:00,1713.5,1731.75,1706.75,1722.25,2801
2016.11.04,00:00,1721.25,1725.5,1709.75,1714.25,3299
2016.11.07,00:00,1715,1723.75,1706.25,1722.75,3060
2016.11.08,00:00,1721,1729.75,1703.75,1726.75,4496
2016.11.09,00:00,1723.5,1755.75,1699.75,1747.75,6427
2016.11.10,00:00,1742.5,1777.75,1742.25,1768.75,5389
2016.11.11,00:00,1763,1789.25,1735.25,1738,8584
2016.11.14,00:00,1749.5,1777.25,1717.25,1734.25,6750
2016.11.15,00:00,1742,1749.5,1706.25,1727.75,6215
2016.11.16,00:00,1729.5,1729.5,1689.25,1697.75,4246
2016.11.17,00:00,1696.25,1697.5,1675.75,1687,4163
2016.11.18,00:00,1685,1697.25,1677.75,1686.25,3988
2016.11.21,00:00,1711.25,1718.75,1704.5,1717.75,1793
2016.11.22,00:00,1720.5,1757.75,1714,1756.75,4123
2016.11.23,00:00,1757,1780.75,1735.75,1773.25,4399
2016.11.24,00:00,1772.25,1783.75,1755.5,1759.25,4429
2016.11.25,00:00,1758,1764.75,1735.25,1761.5,3946
2016.11.28,00:00,1761.75,1779,1729.5,1729.75,5241
2016.11.29,00:00,1732.25,1736.75,1703.25,1713.25,4212
2016.11.30,00:00,1713.75,1739,1698,1720.75,5568
2016.12.01,00:00,1732.25,1740.75,1708.25,1716.25,3961
2016.12.02,00:00,1713.75,1723.75,1701.25,1709.75,3577
2016.12.05,00:00,1710.5,1730.75,1705.5,1725.5,2921
2016.12.06,00:00,1724.75,1727.5,1695,1702.75,2842
2016.12.07,00:00,1702.25,1730.5,1695,1704.25,3934
2016.12.08,00:00,1707,1726,1702.25,1719.5,3552
2016.12.09,00:00,1718.75,1749.75,1718.75,1743.5,3032
2016.12.12,00:00,1747.5,1757.25,1727.5,1731.75,2945
2016.12.13,00:00,1730,1742.75,1724.25,1736,3152
2016.12.14,00:00,1735.75,1742.25,1720.5,1736.75,3111
2016.12.15,00:00,1731.5,1741.5,1721.75,1733.5,2993
2016.12.16,00:00,1733.25,1738.5,1707.5,1715,2572
2016.12.19,00:00,1710.5,1716.75,1699.75,1707.25,3186
2016.12.20,00:00,1705.5,1719.75,1698.75,1715.75,2183
2016.12.21,00:00,1718.5,1725.25,1713.25,1718.75,1778
2016.12.22,00:00,1720.75,1723.75,1709,1718.75,2474
2016.12.23,00:00,1718.25,1720,1710.75,1716.5,1442
2016.12.28,00:00,1723.5,1728,1697.25,1699,2442
2016.12.29,00:00,1698.25,1701.5,1673.75,1680.25,2200
2016.12.30,00:00,1680.75,1703.25,1679,1697.75,1787
2017.01.03,00:00,1690,1697.25,1672,1681.25,2306
2017.01.04,00:00,1680.25,1689.5,1675.5,1684.25,2682
2017.01.05,00:00,1686.25,1706.75,1684.25,1696.25,2264
2017.01.06,00:00,1695.25,1713.75,1689.25,1704.25,2296
2017.01.09,00:00,1712,1721.75,1698.75,1715.75,2038
2017.01.10,00:00,1713.5,1746.25,1711.25,1737.75,3172
2017.01.11,00:00,1738.5,1754.5,1736.25,1749.75,3001
2017.01.12,00:00,1749.5,1789.75,1749.5,1780.25,3706
2017.01.13,00:00,1786.75,1807.25,1775.25,1806.25,2956
2017.01.16,00:00,1803.75,1813.75,1778.75,1779.5,2786
2017.01.17,00:00,1781.5,1802.75,1755.25,1792.5,4335
2017.01.18,00:00,1789.75,1829.25,1786,1810.5,3227
2017.01.19,00:00,1810.75,1823.75,1805.75,1816.75,3389
2017.01.20,00:00,1817,1852.75,1806.25,1841.5,3431
2017.01.23,00:00,1849.5,1867.75,1836.25,1845.75,2859
2017.01.24,00:00,1846.25,1877.5,1829,1860.25,3970
2017.01.25,00:00,1861.5,1870.5,1818.75,1828.75,3905
2017.01.26,00:00,1834,1852.75,1809.5,1813.5,3246
2017.01.27,00:00,1817,1824.75,1805.25,1818.5,2402
2017.01.30,00:00,1819.75,1821.75,1796.75,1804,2164
2017.01.31,00:00,1803.75,1819.75,1797.25,1816.75,2435
2017.02.01,00:00,1816.5,1824.75,1799.5,1813.5,2748
2017.02.02,00:00,1817.25,1826.75,1810.25,1824.25,1880
2017.02.03,00:00,1831.25,1834.25,1808.5,1831.75,3595
2017.02.06,00:00,1831.5,1837.25,1813.75,1831.75,2731
2017.02.07,00:00,1828.75,1828.75,1815.75,1827.25,2566
2017.02.08,00:00,1826.75,1851,1823.5,1842.25,2672
2017.02.09,00:00,1840,1853.25,1836.75,1846.5,2890
2017.02.10,00:00,1843.5,1873,1831.75,1867.75,3738
2017.02.13,00:00,1871.25,1884.75,1862.25,1866.5,4122
2017.02.14,00:00,1867,1901.75,1867,1884.5,5362
2017.02.15,00:00,1889.25,1910.5,1875,1908.75,3752
2017.02.16,00:00,1907.25,1909.5,1881.25,1898.25,4642
2017.02.17,00:00,1895.5,1897.5,1863,1878,4847
2017.02.20,00:00,1874,1901,1872,1895.75,3737
2017.02.21,00:00,1898.5,1900.25,1876.5,1877.75,3156
2017.02.22,00:00,1874.25,1887.75,1862.5,1884,3826
2017.02.23,00:00,1882.5,1886.5,1852.75,1859.25,4591
2017.02.24,00:00,1859,1883.75,1856.5,1882.25,3983
2017.02.27,00:00,1880.25,1904,1872.25,1895.25,3883
2017.02.28,00:00,1893,1918.75,1887.25,1912.25,3349
2017.03.01,00:00,1913,1951.75,1910.25,1941.25,4275
2017.03.02,00:00,1935.25,1938.75,1899.25,1905.5,3854
2017.03.03,00:00,1903,1915.25,1874.25,1885.75,3945
2017.03.06,00:00,1885,1889.5,1856.5,1873.25,5013
2017.03.07,00:00,1873.5,1878.75,1859.25,1878,2967
2017.03.08,00:00,1877.75,1885.75,1865.75,1866.25,4046
2017.03.09,00:00,1867.75,1871,1843.25,1868.5,3971
2017.03.10,00:00,1867,1900.25,1863.5,1873.25,4176
2017.03.13,00:00,1875.25,1891.75,1873.25,1874.5,3397
2017.03.14,00:00,1875.5,1877.5,1850.25,1860.25,3959
2017.03.15,00:00,1861.5,1880.75,1858,1879.75,3443
2017.03.16,00:00,1885.5,1907.5,1883.75,1896.75,3277
2017.03.17,00:00,1896,1914,1883.5,1910.25,3692
2017.03.20,00:00,1905.75,1924.75,1894.5,1915.5,3581
2017.03.21,00:00,1910.5,1935.75,1904.5,1917.5,3358
2017.03.22,00:00,1916.5,1930.75,1901.75,1920.5,3316
2017.03.23,00:00,1921.75,1928.75,1910.75,1927,3377
2017.03.24,00:00,1922,1934.75,1914.25,1933.75,3091
2017.03.27,00:00,1931.25,1931.25,1910.25,1924.5,2962
2017.03.28,00:00,1922.5,1942.75,1912.5,1937.25,2708
2017.03.29,00:00,1940.5,1955.75,1930.25,1947.75,2849
2017.03.30,00:00,1950,1975.75,1946.25,1958.5,3228
2017.03.31,00:00,1960.25,1969.75,1945.25,1959.75,3086
2017.04.03,00:00,1957.25,1966.5,1941.25,1945,2923
2017.04.04,00:00,1942.25,1948.5,1930.75,1936.5,1686
2017.04.05,00:00,1934.5,1974.5,1934.25,1961.75,4024
2017.04.06,00:00,1958.25,1968.25,1946.25,1947.75,3229
2017.04.07,00:00,1948.5,1961.75,1926.25,1958.75,4467
2017.04.10,00:00,1955.25,1956.75,1918.25,1918.25,3231
2017.04.11,00:00,1920,1925.5,1905.75,1917.75,3011
2017.04.12,00:00,1918,1924.25,1890.75,1892.75,2893
2017.04.13,00:00,1894,1919.75,1892.75,1909,3216
2017.04.18,00:00,1940.5,1953.25,1887.75,1896.5,4787
2017.04.19,00:00,1892.25,1910.25,1891.25,1905.75,3816
2017.04.20,00:00,1910.5,1943.75,1902.5,1943.5,3842
2017.04.21,00:00,1940.5,1958.5,1927.75,1931.5,4412
2017.04.24,00:00,1940.25,1945,1928.25,1943.5,3367
2017.04.25,00:00,1943.25,1961.5,1938.25,1957.25,2913
2017.04.26,00:00,1956.25,1963.75,1948.5,1959.5,2501
2017.04.27,00:00,1962.25,1968,1916.25,1920,2926
2017.04.28,00:00,1921.25,1932.5,1903.25,1910,3271
2017.05.02,00:00,1915.5,1925,1899.25,1922.75,2614
2017.05.03,00:00,1925.25,1926,1907.25,1918,2921
2017.05.04,00:00,1915.75,1918.5,1895.25,1912.25,2717
2017.05.05,00:00,1911.75,1917.25,1890.25,1900.25,2535
2017.05.08,00:00,1897.25,1898.75,1869.25,1878,3216
2017.05.09,00:00,1877.75,1878.75,1866,1867.25,2177
2017.05.10,00:00,1868,1873.75,1858,1862.25,1957
2017.05.11,00:00,1863,1889.25,1859.75,1868.75,3132
2017.05.12,00:00,1870.5,1888.5,1866.25,1875.75,2247
2017.05.15,00:00,1882,1906.25,1879,1901.75,2438
2017.05.16,00:00,1902.5,1925.5,1892.5,1923.25,2563
2017.05.17,00:00,1920.5,1926.5,1912.25,1920.5,2318
2017.05.18,00:00,1918.5,1920.5,1896.25,1920,3264
2017.05.19,00:00,1915.5,1941.75,1909.25,1938.5,2914
2017.05.22,00:00,1939,1941.5,1926.25,1935.25,3328
2017.05.23,00:00,1933.25,1943.75,1917.25,1943.75,2538
2017.05.24,00:00,1942.5,1953.25,1927.5,1941.25,2615
2017.05.25,00:00,1941,1956.75,1935.75,1956.25,2611
2017.05.26,00:00,1955.5,1961.5,1943.25,1946.75,2234
2017.05.30,00:00,1946.5,1952,1910.75,1923.5,2010
2017.05.31,00:00,1925,1930.75,1904.5,1926.75,3259
2017.06.01,00:00,1927,1938.75,1913.75,1929.25,4035
2017.06.02,00:00,1923,1929.75,1904.75,1925.5,3236
2017.06.05,00:00,1927.25,1928.5,1898.75,1898.75,2375
2017.06.06,00:00,1898.5,1905.5,1881.75,1900.25,2783
2017.06.07,00:00,1897,1912.25,1891.25,1901.25,2359
2017.06.08,00:00,1900.75,1916.75,1894.5,1898.25,2663
2017.06.09,00:00,1898,1906.75,1884.25,1905.75,2235
2017.06.12,00:00,1906,1907,1880.75,1884.25,1816
2017.06.13,00:00,1882.75,1890.25,1873.75,1888.25,2416
2017.06.14,00:00,1888,1893.25,1876.25,1878.25,2510
2017.06.15,00:00,1874.5,1880.75,1865.75,1869.75,2591
2017.06.16,00:00,1871.25,1876.75,1864.25,1866.25,1280
2017.06.19,00:00,1866.5,1886.5,1865.75,1885.25,2079
2017.06.20,00:00,1883.75,1904.5,1878,1881.25,2178
2017.06.21,00:00,1880.5,1886.75,1861.25,1862.25,2235
2017.06.22,00:00,1862.75,1878.5,1861.75,1864.75,2139
2017.06.23,00:00,1866,1876,1860.25,1863.75,1858
2017.06.26,00:00,1862.5,1871.5,1849.75,1862.5,1490
2017.06.27,00:00,1859.5,1884.75,1853.25,1880.25,1897
2017.06.28,00:00,1882,1891.75,1875.75,1891.25,2066
2017.06.29,00:00,1891.75,1912.5,1890.25,1908.25,1653
2017.06.30,00:00,1907,1916.75,1897.5,1914.75,2031
2017.07.03,00:00,1916,1925.25,1910.5,1925.25,1823
2017.07.04,00:00,1923.25,1925.25,1907.25,1924.75,1492
2017.07.05,00:00,1922,1928.25,1913.5,1926.25,2406
2017.07.06,00:00,1923.25,1942.5,1918.25,1940.25,2388
2017.07.07,00:00,1936.25,1940.5,1919.25,1927.25,1974
2017.07.10,00:00,1924,1929.75,1888.75,1892.75,2883
2017.07.11,00:00,1892.25,1900.75,1882.75,1892.5,2888
2017.07.12,00:00,1892.75,1899.75,1877,1883.75,2813
2017.07.13,00:00,1886.5,1938,1886.25,1915.5,3536
2017.07.14,00:00,1921.5,1927.75,1914,1918.25,2771
2017.07.17,00:00,1919.5,1935.75,1892.5,1904.75,2362
2017.07.18,00:00,1908,1929.25,1894.25,1926,2421
2017.07.19,00:00,1924,1934.25,1910.25,1919.25,2023
2017.07.20,00:00,1915.75,1925.5,1908,1916.25,1954
2017.07.21,00:00,1912.5,1929.5,1908.25,1910.75,2098
2017.07.24,00:00,1912.25,1919.75,1904.25,1906,1906
2017.07.25,00:00,1908.75,1943.75,1908.25,1939.75,2609
2017.07.26,00:00,1937,1958.75,1926.25,1931.75,3597
2017.07.27,00:00,1932,1952.75,1927.25,1933,2808
2017.07.28,00:00,1933.25,1937.75,1903.25,1906,2968
2017.07.31,00:00,1906.5,1922,1906,1911.5,2524
2017.08.01,00:00,1911,1915,1898.5,1902.75,2129
2017.08.02,00:00,1906.5,1932,1903.5,1921.75,2699
2017.08.03,00:00,1922,1926.75,1905.25,1908.25,1954
2017.08.04,00:00,1909.75,1915.25,1898.25,1899,2333
2017.08.07,00:00,1902.25,1967.5,1902.25,1967,4069
2017.08.08,00:00,1963.25,2029.75,1963.25,2029.25,5191
2017.08.09,00:00,2019.5,2037.5,2007.25,2014.5,5278
2017.08.10,00:00,2018,2041.25,2012.75,2029.75,4460
2017.08.11,00:00,2030,2043,2013.25,2042.25,5307
2017.08.14,00:00,2039,2042.25,2017.25,2021,3641
2017.08.15,00:00,2021.75,2050.75,2015.25,2044.75,3190
2017.08.16,00:00,2043.75,2099.25,2041.25,2081.5,4806
2017.08.17,00:00,2086.25,2106.5,2060.25,2066.5,4667
2017.08.18,00:00,2061.75,2094,2052.75,2058.75,4987
2017.08.21,00:00,2056.75,2093.25,2056.25,2074,5415
2017.08.22,00:00,2081.25,2082.75,2058.75,2074,5108
2017.08.23,00:00,2074.25,2101.25,2051.75,2097.5,4005
2017.08.24,00:00,2099.5,2117,2084.5,2099.5,4036
2017.08.25,00:00,2093.5,2106.75,2060.25,2065,4268
2017.08.29,00:00,2072,2099,2064.25,2090.75,3840
2017.08.30,00:00,2084.25,2098,2077.25,2084,3000
2017.08.31,00:00,2081.75,2133.75,2081.75,2118.75,3425
2017.09.01,00:00,2121.5,2139.5,2115,2132,3277
2017.09.05,00:00,2113.5,2117.75,2084.25,2086.25,4011
2017.09.06,00:00,2088,2108.75,2067.25,2108.5,3238
2017.09.07,00:00,2110.5,2113.75,2083,2108,3418
2017.09.08,00:00,2108.5,2118.5,2079.75,2091.5,4614
2017.09.11,00:00,2089.25,2132,2086.25,2113.5,3837
2017.09.12,00:00,2118.5,2137.25,2103.25,2135,3814
2017.09.13,00:00,2134.5,2140.5,2098.75,2110.5,4582
2017.09.14,00:00,2105,2123.25,2075.25,2096.75,4185
2017.09.15,00:00,2094.75,2102.25,2066.5,2081,5101
2017.09.18,00:00,2084.5,2100.75,2077.75,2085.25,3983
2017.09.19,00:00,2090.5,2131.25,2088.5,2123.5,4613
2017.09.20,00:00,2120.5,2189.25,2117.25,2173.75,5995
2017.09.21,00:00,2176,2193.75,2135.25,2144,7750
2017.09.22,00:00,2149.5,2164.5,2107.25,2154.5,6752
2017.09.25,00:00,2153,2168.75,2128.25,2146,3905
2017.09.26,00:00,2143,2154.25,2117.25,2120.75,3318
2017.09.27,00:00,2120,2142,2117.25,2125.5,3014
2017.09.28,00:00,2123,2140.5,2113.25,2134.25,3453
2017.09.29,00:00,2134,2135.5,2098.75,2101,2668
2017.10.02,00:00,2107.75,2109,2077.25,2104.5,2175
2017.10.03,00:00,2101.75,2135.75,2095.75,2135.75,2070
2017.10.04,00:00,2138.5,2163.75,2133.25,2153.25,2419
2017.10.05,00:00,2152.75,2167.75,2140.5,2164.5,1522
2017.10.06,00:00,2164.75,2166.5,2131.5,2139.75,2159
2017.10.09,00:00,2143.75,2169.5,2138.25,2165.25,3380
2017.10.10,00:00,2166,2167.5,2142.75,2158.5,3529
2017.10.11,00:00,2154.5,2160,2125.25,2132.25,3780
2017.10.12,00:00,2129,2145.25,2125.75,2145.25,3060
2017.10.13,00:00,2142.75,2166.75,2121,2134.25,3605
2017.10.16,00:00,2137,2156.75,2122.5,2134.5,4203
2017.10.17,00:00,2133.5,2148.75,2125.25,2138.5,3753
2017.10.18,00:00,2144.25,2144.5,2109.75,2112.75,3293
2017.10.19,00:00,2114.5,2152,2113,2144.25,3377
2017.10.20,00:00,2147.5,2163.75,2126.5,2133.5,3492
2017.10.23,00:00,2132.75,2143.75,2125.25,2137.5,2375
2017.10.24,00:00,2137,2160.25,2131,2157.25,2522
2017.10.25,00:00,2155.25,2183.5,2144.25,2179.5,2791
2017.10.26,00:00,2180.75,2209.75,2171.25,2185.25,3163
2017.10.27,00:00,2187.75,2187.75,2126.75,2169.75,3501
2017.10.30,00:00,2170,2177.5,2150,2150.25,3010
2017.10.31,00:00,2155.5,2171.75,2140.25,2162,3168
2017.11.01,00:00,2169.75,2209.75,2153.25,2168.25,4742
2017.11.02,00:00,2172,2181.25,2152.5,2167.25,3755
2017.11.03,00:00,2169.25,2187.75,2160.75,2178,3433
2017.11.06,00:00,2170,2180.75,2156,2163,3336
2017.11.07,00:00,2164.75,2169,2126.75,2128.25,3457
2017.11.08,00:00,2134.75,2138.5,2097.75,2098.75,3281
2017.11.09,00:00,2102.5,2107.5,2074.25,2086.75,3659
2017.11.10,00:00,2091.75,2103.25,2078.25,2100,2654
2017.11.13,00:00,2102,2118.5,2091.5,2108.75,2654
2017.11.14,00:00,2107.75,2110.5,2077.75,2083.75,3150
2017.11.15,00:00,2085.5,2114.25,2064.75,2099.5,3428
2017.11.16,00:00,2100.5,2129.75,2094.25,2096.75,3101
2017.11.17,00:00,2104.25,2110.5,2080.5,2103.5,2912
2017.11.20,00:00,2099.5,2100.5,2069.25,2082,3847
2017.11.21,00:00,2079.5,2083.5,2067.5,2078.75,3197
2017.11.22,00:00,2083.75,2106.75,2081.5,2098,2839
2017.11.23,00:00,2100.75,2111.75,2093.25,2110.75,1719
2017.11.24,00:00,2106.75,2130.75,2097.75,2126.25,2268
2017.11.27,00:00,2129,2134.75,2102.25,2130.5,2469
2017.11.28,00:00,2128,2129.75,2088.75,2090.25,3424
2017.11.29,00:00,2095.75,2104.5,2045.25,2052.25,3712
2017.11.30,00:00,2054,2060.75,2034.25,2040.25,3653
2017.12.01,00:00,2042.5,2080.75,2037.5,2076.5,3346
2017.12.04,00:00,2067.25,2076.25,2057.5,2066.5,3131
2017.12.05,00:00,2065,2071.5,2043.25,2049.75,3879
2017.12.06,00:00,2050.25,2050.5,2011.75,2015.75,2939
2017.12.07,00:00,2018.25,2020.5,1993.5,2008.25,3169
2017.12.08,00:00,2010,2022,1999.5,2009.5,3165
2017.12.11,00:00,2010,2024.25,1998.25,2023.25,2875
2017.12.12,00:00,2018.75,2021,2003.25,2012.5,2909
2017.12.13,00:00,2013,2017.75,1995,2008.5,2149
2017.12.14,00:00,2013,2049.25,2010,2040,2728
2017.12.15,00:00,2035.75,2069,2031.25,2058.75,2892
2017.12.18,00:00,2059.25,2071.25,2055.25,2070.25,2240
2017.12.19,00:00,2067.25,2098.5,2062.25,2095.25,3369
2017.12.20,00:00,2092.75,2117.75,2085.75,2117.25,3125
2017.12.21,00:00,2115,2145.25,2108.75,2145.25,3804
2017.12.22,00:00,2139.25,2198.75,2125.75,2186,3747
2017.12.27,00:00,2185.5,2249,2165,2239,3411
2017.12.28,00:00,2235.75,2279.25,2223.25,2274.25,3615
2017.12.29,00:00,2262.75,2285.5,2246.25,2270.5,3853
2018.01.02,00:00,2274,2284.5,2247,2256.75,4316
2018.01.03,00:00,2253.5,2256.75,2221.25,2227.5,3188
2018.01.04,00:00,2209.75,2251.5,2207,2244.5,3226
2018.01.05,00:00,2243.25,2247.75,2195.75,2197.5,3297
2018.01.08,00:00,2196.5,2209.25,2166.5,2169.25,3352
2018.01.09,00:00,2170.75,2178.75,2144.25,2149.5,2598
2018.01.10,00:00,2152.75,2184.5,2150.5,2177.75,3106
2018.01.11,00:00,2179,2203.75,2165.25,2177.5,3438
2018.01.12,00:00,2178.5,2225,2178.25,2216,3658
2018.01.15,00:00,2223,2244.75,2218.5,2218.75,2979
2018.01.16,00:00,2223.25,2223.75,2165.5,2189.5,4624
2018.01.17,00:00,2190.5,2193.75,2176.25,2189.5,2884
2018.01.18,00:00,2184.5,2239,2179.75,2237,3449
2018.01.19,00:00,2234.5,2264.75,2212.75,2215.75,4171
2018.01.22,00:00,2213.5,2245.25,2209,2243.25,2946
2018.01.23,00:00,2240.5,2243,2201.75,2220.5,3426
2018.01.24,00:00,2223,2249,2203.5,2241.75,4000
2018.01.25,00:00,2240.25,2263.5,2226.75,2229.5,3670
2018.01.26,00:00,2224.25,2258.75,2218.75,2251.5,3277
2018.01.29,00:00,2256.5,2264.75,2217.25,2220.25,3428
2018.01.30,00:00,2225,2234.25,2190,2210,3921
2018.01.31,00:00,2218.5,2226.75,2203.75,2208.75,3165
2018.02.01,00:00,2206.75,2230.25,2184.5,2225.5,3450
2018.02.02,00:00,2225.75,2229.75,2201.5,2208,3275
2018.02.05,00:00,2209,2210,2187.75,2204.5,3128
2018.02.06,00:00,2187.5,2196.5,2165,2167,3876
2018.02.07,00:00,2178,2204.25,2147.5,2154.75,3895
2018.02.08,00:00,2160.25,2170.5,2143,2167,4103
2018.02.09,00:00,2161,2167.75,2115.75,2118.75,4645
2018.02.12,00:00,2126.5,2146.5,2112.25,2128.25,4080
2018.02.13,00:00,2126,2146.25,2117.75,2136.5,3737
2018.02.14,00:00,2135.75,2195.5,2107.75,2184.75,4701
2018.02.15,00:00,2181,2195.75,2138.25,2157.75,3160
2018.02.16,00:00,2152,2211.25,2152,2199.5,2711
2018.02.19,00:00,2191,2223.25,2161.25,2201.25,2452
2018.02.20,00:00,2197.25,2212.75,2178.5,2180.25,2194
2018.02.21,00:00,2180.5,2202.5,2155.5,2198.25,2423
2018.02.22,00:00,2180.75,2186.25,2156.25,2181.25,3520
2018.02.23,00:00,2176.5,2190.5,2136.5,2143.75,3528
2018.02.26,00:00,2150,2164.25,2132.25,2134.5,2979
2018.02.27,00:00,2140.5,2154.25,2131.75,2142.75,3012
2018.02.28,00:00,2143,2148.75,2125.75,2128.75,2821
2018.03.01,00:00,2124.25,2159.5,2113.25,2148.5,3877
2018.03.02,00:00,2142.75,2156.5,2132.25,2146,3193
2018.03.05,00:00,2148.25,2152.75,2129.25,2142.5,3442
2018.03.06,00:00,2144.25,2152,2133.25,2135.25,3177
2018.03.07,00:00,2136.75,2140.75,2092.25,2100.25,3524
2018.03.08,00:00,2096,2109.25,2088.25,2104,3496
2018.03.09,00:00,2108.5,2128.75,2088.25,2115.5,4205
2018.03.12,00:00,2114.25,2115,2086.25,2088.75,3561
2018.03.13,00:00,2090.75,2102.5,2082.75,2098.75,3822
2018.03.14,00:00,2095.25,2121.25,2082.5,2086,3961
2018.03.15,00:00,2086.25,2098,2066.25,2081.25,3608
2018.03.16,00:00,2078,2093.5,2071.75,2082,3373
2018.03.19,00:00,2073,2091.25,2064,2083.75,2379
2018.03.20,00:00,2084.75,2091.75,2066.25,2075.5,2900
2018.03.21,00:00,2077,2086.5,2057.5,2070.75,3377
2018.03.22,00:00,2081.5,2100.25,2057.5,2064,4008
2018.03.23,00:00,2061.75,2069.5,2044.5,2048.5,3439
2018.03.26,00:00,2049.75,2058.25,2038.5,2047.5,2908
2018.03.27,00:00,2045.75,2066,2036.5,2042.25,2860
2018.03.28,00:00,2041.75,2041.75,2014.25,2025.75,2841
2018.03.29,00:00,2026.5,2039.75,1991.75,2000,3717
2018.04.03,00:00,2009.5,2033.25,1975.75,1997.5,4206
2018.04.04,00:00,1992.5,1995.5,1975.5,1985.25,3544
2018.04.05,00:00,1989.5,2015.5,1973.25,2012.25,2781
2018.04.06,00:00,2001,2056.75,1982,2056.25,3044
2018.04.09,00:00,2070.5,2139.25,2067.75,2133.5,6649
2018.04.10,00:00,2124.75,2201,2119.5,2200.5,5323
